Departamento,Distrito,SINDROME Y/O TRASTORNO PSICOTICO,TRASTORNO DE CONSUMO DE ALCOHOL,TRASTORNO DE CONSUMO DE DROGAS,TRASTORNO DE CONSUMO DE TABACO,TRASTORNO DEPRESIVO,VIOLENCIA FAMILIAR/MALTRATO INFANTIL,SOLO TAMIZAJES POSITIVOS,TAMIZAJES C/CONDICION ADICIONAL VIOLENCIA POLITICA,TOTAL DE TAMIZAJES
ANCASH,ACOPAMPA,12.0,2.0,0.0,0.0,12.0,13.0,39.0,0.0,520.0
ANCASH,ANTA,0.0,8.0,0.0,3.0,0.0,7.0,18.0,0.0,854.0
ANCASH,ATAQUERO,0.0,0.0,0.0,0.0,0.0,1.0,1.0,0.0,815.0
ANCASH,CAJACAY,0.0,1.0,0.0,0.0,0.0,0.0,1.0,0.0,522.0
ANCASH,CARHUAZ,6.0,34.0,3.0,0.0,33.0,89.0,165.0,0.0,2552.0
ANCASH,CASCAPARA,0.0,6.0,0.0,0.0,0.0,6.0,12.0,0.0,337.0
ANCASH,CASMA,0.0,39.0,10.0,1.0,20.0,96.0,166.0,0.0,1951.0
ANCASH,CATAC,0.0,3.0,0.0,0.0,0.0,8.0,11.0,0.0,754.0
ANCASH,CHAVIN DE HUANTAR,0.0,2.0,0.0,0.0,0.0,1.0,3.0,0.0,536.0
ANCASH,CHIMBOTE,0.0,2.0,1.0,0.0,43.0,0.0,46.0,0.0,5605.0
ANCASH,CHIQUIAN,0.0,1.0,0.0,0.0,0.0,0.0,1.0,0.0,102.0
ANCASH,COISHCO,0.0,0.0,0.0,0.0,0.0,1.0,1.0,0.0,266.0
ANCASH,COLQUIOC,0.0,0.0,0.0,0.0,0.0,1.0,1.0,0.0,117.0
ANCASH,COTAPARACO,0.0,2.0,0.0,0.0,0.0,0.0,2.0,0.0,115.0
ANCASH,HUARAZ,43.0,24.0,9.0,4.0,58.0,110.0,248.0,0.0,2593.0
ANCASH,HUARMEY,0.0,7.0,1.0,0.0,155.0,95.0,258.0,0.0,1196.0
ANCASH,HUAYLLAN,2.0,1.0,0.0,0.0,2.0,1.0,6.0,0.0,249.0
ANCASH,INDEPENDENCIA,3.0,31.0,1.0,1.0,1.0,18.0,55.0,0.0,1790.0
ANCASH,JANGAS,0.0,2.0,0.0,0.0,0.0,0.0,2.0,0.0,195.0
ANCASH,MANCOS,2.0,4.0,0.0,1.0,7.0,7.0,21.0,0.0,316.0
ANCASH,MARCARA,0.0,12.0,0.0,0.0,9.0,5.0,26.0,0.0,1368.0
ANCASH,MATO,7.0,4.0,1.0,1.0,62.0,104.0,179.0,0.0,629.0
ANCASH,NUEVO CHIMBOTE,39.0,51.0,29.0,17.0,767.0,118.0,1021.0,1.0,12158.0
ANCASH,PACLLON,0.0,9.0,0.0,0.0,0.0,0.0,9.0,0.0,413.0
ANCASH,PARIAHUANCA,0.0,9.0,0.0,0.0,0.0,0.0,9.0,0.0,88.0
ANCASH,PAROBAMBA,0.0,1.0,0.0,0.0,0.0,0.0,1.0,0.0,117.0
ANCASH,PAUCAS,0.0,0.0,0.0,0.0,0.0,3.0,3.0,0.0,452.0
ANCASH,PISCOBAMBA,0.0,1.0,0.0,0.0,0.0,6.0,7.0,0.0,572.0
ANCASH,PUEBLO LIBRE,0.0,13.0,1.0,0.0,0.0,0.0,14.0,0.0,690.0
ANCASH,RAHUAPAMPA,0.0,5.0,0.0,0.0,4.0,4.0,13.0,0.0,506.0
ANCASH,RECUAY,2.0,12.0,0.0,0.0,9.0,31.0,54.0,1.0,1403.0
ANCASH,SAMANCO,1.0,1.0,0.0,0.0,9.0,1.0,12.0,0.0,1296.0
ANCASH,SAN JUAN,0.0,1.0,0.0,1.0,0.0,0.0,2.0,0.0,149.0
ANCASH,SAN LUIS,0.0,20.0,0.0,0.0,5.0,4.0,29.0,0.0,421.0
ANCASH,SAN MIGUEL DE ACO,0.0,2.0,0.0,0.0,1.0,1.0,4.0,0.0,386.0
ANCASH,SANTA,0.0,0.0,0.0,0.0,0.0,1.0,1.0,0.0,1932.0
ANCASH,SANTA CRUZ,0.0,2.0,0.0,0.0,0.0,0.0,2.0,0.0,442.0
ANCASH,TAPACOCHA,0.0,3.0,0.0,0.0,0.0,0.0,3.0,0.0,172.0
ANCASH,TARICA,0.0,5.0,0.0,0.0,0.0,2.0,7.0,0.0,158.0
ANCASH,TICAPAMPA,0.0,14.0,0.0,0.0,0.0,1.0,15.0,0.0,654.0
ANCASH,TINCO,0.0,1.0,0.0,0.0,1.0,2.0,4.0,0.0,766.0
ANCASH,YANAMA,0.0,0.0,0.0,0.0,0.0,2.0,2.0,0.0,25.0
ANCASH,YUNGAR,0.0,22.0,4.0,0.0,0.0,2.0,28.0,0.0,2070.0
APURIMAC,ABANCAY,13.0,114.0,16.0,0.0,104.0,78.0,325.0,3.0,18104.0
APURIMAC,ANCO-HUALLO,1.0,1.0,0.0,0.0,36.0,55.0,93.0,13.0,4788.0
APURIMAC,ANDAHUAYLAS,0.0,42.0,6.0,0.0,12.0,59.0,119.0,2.0,7310.0
APURIMAC,ANDARAPA,0.0,13.0,0.0,0.0,2.0,2.0,17.0,8.0,2919.0
APURIMAC,ANTABAMBA,1.0,16.0,0.0,0.0,12.0,38.0,67.0,41.0,8126.0
APURIMAC,CAPAYA,1.0,0.0,0.0,0.0,2.0,8.0,11.0,8.0,738.0
APURIMAC,CARAYBAMBA,0.0,8.0,0.0,0.0,2.0,4.0,14.0,3.0,805.0
APURIMAC,CHACOCHE,1.0,2.0,0.0,0.0,6.0,16.0,25.0,0.0,1273.0
APURIMAC,CHALHUANCA,2.0,10.0,0.0,0.0,51.0,43.0,106.0,6.0,2098.0
APURIMAC,CHALLHUAHUACHO,0.0,11.0,1.0,0.0,21.0,80.0,113.0,0.0,5952.0
APURIMAC,CHAPIMARCA,1.0,6.0,1.0,0.0,7.0,53.0,68.0,4.0,1650.0
APURIMAC,CHIARA,1.0,0.0,0.0,0.0,1.0,5.0,7.0,0.0,617.0
APURIMAC,CHINCHEROS,3.0,17.0,0.0,1.0,67.0,233.0,321.0,0.0,3015.0
APURIMAC,CHUQUIBAMBILLA,1.0,28.0,1.0,0.0,131.0,182.0,343.0,70.0,2731.0
APURIMAC,CIRCA,0.0,0.0,0.0,0.0,2.0,12.0,14.0,0.0,1421.0
APURIMAC,COCHARCAS,0.0,0.0,0.0,0.0,0.0,19.0,19.0,3.0,1059.0
APURIMAC,COLCABAMBA,0.0,0.0,0.0,0.0,1.0,11.0,12.0,13.0,346.0
APURIMAC,COTABAMBAS,0.0,8.0,2.0,0.0,44.0,47.0,101.0,5.0,2468.0
APURIMAC,COTARUSE,1.0,14.0,0.0,0.0,34.0,11.0,60.0,17.0,2777.0
APURIMAC,COYLLURQUI,0.0,0.0,0.0,2.0,2.0,30.0,34.0,9.0,5067.0
APURIMAC,CURAHUASI,3.0,29.0,3.0,0.0,17.0,45.0,97.0,1.0,7557.0
APURIMAC,CURASCO,0.0,2.0,0.0,0.0,1.0,7.0,10.0,0.0,1233.0
APURIMAC,CURPAHUASI,0.0,3.0,0.0,0.0,9.0,15.0,27.0,3.0,1841.0
APURIMAC,EL ORO,0.0,4.0,0.0,0.0,4.0,3.0,11.0,0.0,1015.0
APURIMAC,GAMARRA,1.0,9.0,0.0,1.0,30.0,69.0,110.0,4.0,3129.0
APURIMAC,HAQUIRA,1.0,0.0,0.0,0.0,20.0,19.0,40.0,1.0,5804.0
APURIMAC,HUACCANA,1.0,21.0,0.0,0.0,34.0,57.0,113.0,1.0,4462.0
APURIMAC,HUANCARAMA,2.0,14.0,5.0,0.0,26.0,57.0,104.0,0.0,4124.0
APURIMAC,HUANCARAY,0.0,17.0,0.0,0.0,0.0,14.0,31.0,0.0,1897.0
APURIMAC,HUANIPACA,0.0,8.0,0.0,0.0,16.0,27.0,51.0,1.0,2700.0
APURIMAC,HUAQUIRCA,0.0,3.0,1.0,0.0,1.0,9.0,14.0,21.0,3459.0
APURIMAC,HUAYANA,0.0,0.0,0.0,0.0,0.0,1.0,1.0,13.0,286.0
APURIMAC,HUAYLLATI,0.0,7.0,0.0,0.0,1.0,5.0,13.0,0.0,1863.0
APURIMAC,HUAYLLO,2.0,6.0,0.0,0.0,4.0,1.0,13.0,14.0,709.0
APURIMAC,JOS� MAR�A ARGUEDAS,0.0,1.0,0.0,0.0,0.0,1.0,2.0,3.0,1455.0
APURIMAC,JUAN ESPINOZA MEDRANO,0.0,5.0,0.0,0.0,2.0,13.0,20.0,39.0,5667.0
APURIMAC,JUSTO APU SAHUARAURA,0.0,1.0,3.0,0.0,10.0,28.0,42.0,16.0,581.0
APURIMAC,KAQUIABAMBA,0.0,1.0,0.0,0.0,0.0,3.0,4.0,2.0,1025.0
APURIMAC,KISHUARA,0.0,0.0,0.0,0.0,0.0,4.0,4.0,0.0,3290.0
APURIMAC,LAMBRAMA,0.0,27.0,0.0,0.0,25.0,53.0,105.0,9.0,2077.0
APURIMAC,LUCRE,0.0,1.0,3.0,0.0,7.0,12.0,23.0,4.0,1838.0
APURIMAC,MAMARA,1.0,1.0,1.0,0.0,17.0,11.0,31.0,0.0,1031.0
APURIMAC,MARA,0.0,9.0,0.0,0.0,6.0,29.0,44.0,0.0,2645.0
APURIMAC,MICAELA BASTIDAS,0.0,0.0,0.0,0.0,0.0,2.0,2.0,5.0,388.0
APURIMAC,OCOBAMBA,0.0,8.0,1.0,0.0,30.0,107.0,146.0,0.0,4281.0
APURIMAC,ONGOY,2.0,5.0,0.0,0.0,12.0,34.0,53.0,0.0,5809.0
APURIMAC,OROPESA,2.0,1.0,0.0,0.0,5.0,46.0,54.0,1.0,2839.0
APURIMAC,PACHACONAS,0.0,1.0,0.0,0.0,1.0,1.0,3.0,5.0,2503.0
APURIMAC,PACOBAMBA,0.0,0.0,0.0,0.0,1.0,1.0,2.0,0.0,3467.0
APURIMAC,PACUCHA,0.0,5.0,0.0,0.0,0.0,2.0,7.0,1.0,3724.0
APURIMAC,PAMPACHIRI,0.0,4.0,1.0,0.0,0.0,1.0,6.0,0.0,879.0
APURIMAC,PATAYPAMPA,0.0,0.0,0.0,0.0,9.0,11.0,20.0,6.0,710.0
APURIMAC,PICHIRHUA,0.0,0.0,0.0,0.0,11.0,10.0,21.0,0.0,2641.0
APURIMAC,POCOHUANCA,0.0,1.0,1.0,0.0,0.0,9.0,11.0,3.0,964.0
APURIMAC,POMACOCHA,0.0,0.0,0.0,0.0,0.0,2.0,2.0,19.0,361.0
APURIMAC,PROGRESO,0.0,12.0,0.0,0.0,20.0,63.0,95.0,19.0,3473.0
APURIMAC,RANRACANCHA,0.0,0.0,0.0,0.0,6.0,7.0,13.0,0.0,3617.0
APURIMAC,SABAINO,1.0,1.0,0.0,0.0,0.0,3.0,5.0,2.0,3687.0
APURIMAC,SAN ANTONIO,0.0,0.0,0.0,0.0,0.0,1.0,1.0,0.0,268.0
APURIMAC,SAN ANTONIO DE CACHI,0.0,0.0,0.0,0.0,2.0,1.0,3.0,0.0,729.0
APURIMAC,SAN JERONIMO,0.0,5.0,1.0,0.0,11.0,18.0,35.0,2.0,5878.0
APURIMAC,SAN JUAN DE CHAC�A,0.0,0.0,0.0,0.0,8.0,3.0,11.0,2.0,573.0
APURIMAC,SAN MIGUEL DE CHACCRAMPA,0.0,0.0,0.0,0.0,0.0,2.0,2.0,0.0,838.0
APURIMAC,SAN PEDRO DE CACHORA,0.0,8.0,0.0,0.0,0.0,40.0,48.0,2.0,1936.0
APURIMAC,SANTA MARIA DE CHICMO,0.0,2.0,1.0,0.0,14.0,8.0,25.0,0.0,3280.0
APURIMAC,SANTA ROSA,0.0,0.0,0.0,0.0,8.0,11.0,19.0,0.0,663.0
APURIMAC,SA�AYCA,0.0,8.0,0.0,0.0,10.0,27.0,45.0,8.0,1336.0
APURIMAC,SORAYA,0.0,0.0,0.0,0.0,2.0,2.0,4.0,0.0,695.0
APURIMAC,TALAVERA,0.0,9.0,1.0,0.0,4.0,5.0,19.0,2.0,5662.0
APURIMAC,TAMBOBAMBA,3.0,22.0,0.0,0.0,108.0,198.0,331.0,0.0,7135.0
APURIMAC,TAMBURCO,0.0,9.0,2.0,0.0,25.0,95.0,131.0,2.0,3236.0
APURIMAC,TAPAIRIHUA,0.0,1.0,0.0,0.0,2.0,8.0,11.0,6.0,1644.0
APURIMAC,TINTAY,0.0,3.0,1.0,0.0,14.0,35.0,53.0,1.0,1861.0
APURIMAC,TORAYA,1.0,6.0,0.0,0.0,12.0,17.0,36.0,37.0,1793.0
APURIMAC,TUMAY HUARACA,0.0,0.0,0.0,0.0,3.0,1.0,4.0,3.0,754.0
APURIMAC,TURPAY,0.0,0.0,0.0,0.0,4.0,1.0,5.0,3.0,449.0
APURIMAC,TURPO,0.0,0.0,0.0,0.0,2.0,5.0,7.0,0.0,1585.0
APURIMAC,URANMARCA,0.0,1.0,0.0,0.0,6.0,5.0,12.0,0.0,2082.0
APURIMAC,VILCABAMBA,0.0,6.0,0.0,0.0,7.0,52.0,65.0,2.0,821.0
APURIMAC,VIRUNDO,0.0,0.0,0.0,0.0,7.0,6.0,13.0,0.0,556.0
APURIMAC,YANACA,0.0,4.0,0.0,0.0,4.0,22.0,30.0,2.0,910.0
AREQUIPA,ACARI,0.0,1.0,0.0,0.0,15.0,38.0,54.0,0.0,714.0
AREQUIPA,ALCA,0.0,37.0,0.0,0.0,61.0,128.0,226.0,0.0,540.0
AREQUIPA,ALTO SELVA ALEGRE,0.0,4.0,0.0,1.0,67.0,35.0,107.0,0.0,824.0
AREQUIPA,APLAO,0.0,0.0,0.0,0.0,7.0,18.0,25.0,0.0,104.0
AREQUIPA,ATICO,0.0,4.0,1.0,0.0,38.0,16.0,59.0,0.0,833.0
AREQUIPA,CABANACONDE,3.0,15.0,0.0,1.0,35.0,20.0,74.0,0.0,673.0
AREQUIPA,CALLALLI,0.0,0.0,1.0,0.0,11.0,8.0,20.0,0.0,301.0
AREQUIPA,CAYMA,4.0,55.0,2.0,0.0,321.0,132.0,514.0,0.0,1489.0
AREQUIPA,CERRO COLORADO,0.0,26.0,1.0,1.0,166.0,155.0,349.0,0.0,961.0
AREQUIPA,CHALA,0.0,4.0,0.0,0.0,17.0,17.0,38.0,0.0,124.0
AREQUIPA,CHARACATO,0.0,22.0,0.0,0.0,52.0,54.0,128.0,0.0,545.0
AREQUIPA,CHIGUATA,0.0,3.0,1.0,0.0,3.0,6.0,13.0,0.0,405.0
AREQUIPA,CHIVAY,1.0,20.0,0.0,0.0,159.0,123.0,303.0,0.0,1385.0
AREQUIPA,CHUQUIBAMBA,0.0,3.0,2.0,0.0,12.0,45.0,62.0,0.0,127.0
AREQUIPA,COCACHACRA,4.0,3.0,0.0,0.0,31.0,176.0,214.0,0.0,2377.0
AREQUIPA,DEAN VALDIVIA,0.0,2.0,0.0,1.0,9.0,37.0,49.0,0.0,1095.0
AREQUIPA,HUAMBO,0.0,1.0,0.0,0.0,3.0,2.0,6.0,0.0,218.0
AREQUIPA,HUANCARQUI,0.0,2.0,0.0,0.0,2.0,12.0,16.0,0.0,106.0
AREQUIPA,ICHUPAMPA,0.0,0.0,1.0,0.0,19.0,2.0,22.0,0.0,658.0
AREQUIPA,ISLAY,0.0,1.0,0.0,0.0,67.0,127.0,195.0,0.0,2132.0
AREQUIPA,JAQUI,2.0,19.0,1.0,3.0,56.0,11.0,92.0,0.0,221.0
AREQUIPA,JOSE LUIS BUSTAMANTE Y RIVERO,0.0,0.0,23.0,0.0,19.0,7.0,49.0,0.0,488.0
AREQUIPA,MAJES,0.0,4.0,1.0,0.0,0.0,0.0,5.0,0.0,117.0
AREQUIPA,MARIANO MELGAR,2.0,2.0,0.0,0.0,10.0,12.0,26.0,0.0,533.0
AREQUIPA,MARIANO NICOLAS VALCARCEL,0.0,15.0,0.0,4.0,0.0,6.0,25.0,0.0,383.0
AREQUIPA,MARISCAL CACERES,2.0,3.0,0.0,0.0,86.0,31.0,122.0,0.0,938.0
AREQUIPA,MEJIA,0.0,0.0,0.0,0.0,1.0,1.0,2.0,0.0,176.0
AREQUIPA,MIRAFLORES,3.0,8.0,1.0,4.0,50.0,7.0,73.0,0.0,3330.0
AREQUIPA,MOLLENDO,2.0,31.0,11.0,4.0,48.0,107.0,203.0,0.0,1596.0
AREQUIPA,NICOLAS DE PIEROLA,0.0,3.0,0.0,2.0,20.0,7.0,32.0,0.0,874.0
AREQUIPA,OCO�A,0.0,5.0,1.0,2.0,18.0,18.0,44.0,1.0,684.0
AREQUIPA,PAUCARPATA,1.0,1.0,6.0,0.0,38.0,1.0,47.0,0.0,748.0
AREQUIPA,SABANDIA,0.0,0.0,0.0,0.0,0.0,1.0,1.0,0.0,506.0
AREQUIPA,SAMUEL PASTOR,0.0,62.0,2.0,3.0,194.0,194.0,455.0,0.0,2565.0
AREQUIPA,SANTA RITA DE SIGUAS,0.0,0.0,0.0,0.0,10.0,0.0,10.0,0.0,396.0
AREQUIPA,SIBAYO,0.0,0.0,0.0,0.0,5.0,1.0,6.0,0.0,215.0
AREQUIPA,TAPAY,0.0,1.0,0.0,0.0,0.0,0.0,1.0,0.0,101.0
AREQUIPA,TISCO,0.0,1.0,0.0,0.0,3.0,1.0,5.0,0.0,369.0
AREQUIPA,TUTI,0.0,0.0,0.0,0.0,1.0,1.0,2.0,0.0,72.0
AREQUIPA,UCHUMAYO,0.0,0.0,0.0,0.0,110.0,10.0,120.0,0.0,440.0
AREQUIPA,URACA,0.0,4.0,0.0,0.0,46.0,189.0,239.0,0.0,802.0
AREQUIPA,VIRACO,1.0,26.0,1.0,3.0,29.0,88.0,148.0,0.0,351.0
AREQUIPA,VITOR,1.0,20.0,1.0,0.0,113.0,18.0,153.0,0.0,635.0
AREQUIPA,YANAHUARA,4.0,28.0,6.0,0.0,421.0,24.0,483.0,0.0,1627.0
AREQUIPA,YAUCA,1.0,0.0,34.0,1.0,8.0,4.0,48.0,0.0,430.0
AYACUCHO,ACCOMARCA,0.0,1.0,0.0,0.0,11.0,5.0,17.0,8.0,712.0
AYACUCHO,ACOCRO,1.0,0.0,0.0,1.0,6.0,18.0,26.0,0.0,5300.0
AYACUCHO,ALCAMENCA,0.0,0.0,0.0,0.0,0.0,2.0,2.0,0.0,652.0
AYACUCHO,ANCHIHUAY,0.0,1.0,0.0,0.0,37.0,8.0,46.0,0.0,3264.0
AYACUCHO,ANCO,0.0,1.0,1.0,0.0,131.0,52.0,185.0,3.0,9419.0
AYACUCHO,ANDRES AVELINO CACERES DORREGARAY,6.0,21.0,10.0,0.0,253.0,65.0,355.0,1.0,9249.0
AYACUCHO,APONGO,0.0,1.0,0.0,0.0,0.0,0.0,1.0,0.0,531.0
AYACUCHO,ASQUIPATA,0.0,1.0,0.0,0.0,0.0,1.0,2.0,31.0,175.0
AYACUCHO,AYACUCHO,18.0,11.0,31.0,0.0,225.0,355.0,640.0,4.0,16343.0
AYACUCHO,AYAHUANCO,0.0,0.0,0.0,0.0,0.0,2.0,2.0,720.0,9825.0
AYACUCHO,AYNA,4.0,16.0,3.0,1.0,86.0,29.0,139.0,6.0,3311.0
AYACUCHO,CABANA,0.0,2.0,0.0,0.0,0.0,3.0,5.0,0.0,341.0
AYACUCHO,CANARIA,0.0,4.0,0.0,0.0,0.0,2.0,6.0,94.0,1040.0
AYACUCHO,CANGALLO,1.0,13.0,4.0,0.0,13.0,37.0,68.0,17.0,1357.0
AYACUCHO,CARAPO,0.0,4.0,0.0,0.0,0.0,1.0,5.0,0.0,2636.0
AYACUCHO,CARHUANCA,0.0,1.0,0.0,0.0,0.0,0.0,1.0,0.0,555.0
AYACUCHO,CARMEN ALTO,8.0,26.0,6.0,1.0,21.0,80.0,142.0,19.0,16849.0
AYACUCHO,CAYARA,0.0,4.0,0.0,0.0,6.0,1.0,11.0,237.0,381.0
AYACUCHO,CHAVI�A,0.0,5.0,0.0,0.0,0.0,3.0,8.0,0.0,2504.0
AYACUCHO,CHIARA,0.0,0.0,0.0,0.0,1.0,1.0,2.0,0.0,505.0
AYACUCHO,CHILCAS,0.0,0.0,0.0,0.0,0.0,2.0,2.0,0.0,3744.0
AYACUCHO,CHIPAO,0.0,0.0,0.0,0.0,0.0,4.0,4.0,0.0,1945.0
AYACUCHO,CHUMPI,0.0,1.0,0.0,0.0,0.0,1.0,2.0,0.0,813.0
AYACUCHO,CHUNGUI,0.0,0.0,0.0,0.0,0.0,2.0,2.0,18.0,5814.0
AYACUCHO,CHUSCHI,0.0,1.0,0.0,0.0,0.0,2.0,3.0,2.0,5159.0
AYACUCHO,COLCA,0.0,0.0,0.0,0.0,1.0,1.0,2.0,8.0,508.0
AYACUCHO,COLTA,0.0,0.0,0.0,0.0,0.0,4.0,4.0,0.0,208.0
AYACUCHO,CONCEPCION,0.0,6.0,0.0,0.0,0.0,3.0,9.0,0.0,1869.0
AYACUCHO,CORACORA,8.0,32.0,0.0,1.0,18.0,290.0,349.0,0.0,4556.0
AYACUCHO,HUAMANGUILLA,0.0,4.0,0.0,0.0,0.0,9.0,13.0,1.0,3435.0
AYACUCHO,HUAMANQUIQUIA,2.0,9.0,0.0,0.0,10.0,12.0,33.0,6.0,844.0
AYACUCHO,HUAMBALPA,1.0,14.0,2.0,0.0,38.0,11.0,66.0,69.0,3193.0
AYACUCHO,HUANCAPI,2.0,6.0,0.0,1.0,10.0,6.0,25.0,71.0,420.0
AYACUCHO,HUANCARAYLLA,0.0,2.0,0.0,0.0,1.0,2.0,5.0,0.0,1364.0
AYACUCHO,HUANTA,0.0,0.0,0.0,0.0,0.0,5.0,5.0,8.0,3814.0
AYACUCHO,HUAYA,0.0,19.0,0.0,0.0,0.0,3.0,22.0,67.0,709.0
AYACUCHO,IGUAIN,0.0,1.0,0.0,0.0,0.0,9.0,10.0,0.0,2184.0
AYACUCHO,INDEPENDENCIA,0.0,1.0,0.0,0.0,0.0,0.0,1.0,0.0,539.0
AYACUCHO,JESUS NAZARENO,47.0,101.0,47.0,0.0,568.0,471.0,1234.0,224.0,17965.0
AYACUCHO,LEONCIO PRADO,0.0,0.0,0.0,0.0,0.0,2.0,2.0,0.0,736.0
AYACUCHO,LLAUTA,0.0,0.0,0.0,0.0,0.0,1.0,1.0,0.0,136.0
AYACUCHO,LLOCHEGUA,15.0,0.0,17.0,0.0,20.0,48.0,100.0,3.0,4082.0
AYACUCHO,LOS MOROCHUCOS,1.0,7.0,2.0,2.0,0.0,9.0,21.0,54.0,5931.0
AYACUCHO,LUCANAS,0.0,0.0,0.0,0.0,0.0,17.0,17.0,0.0,1080.0
AYACUCHO,LURICOCHA,2.0,4.0,0.0,0.0,15.0,31.0,52.0,1.0,4638.0
AYACUCHO,MARIA PARADO DE BELLIDO,2.0,7.0,0.0,0.0,17.0,9.0,35.0,27.0,1558.0
AYACUCHO,MORCOLLA,0.0,0.0,1.0,0.0,0.0,1.0,2.0,0.0,687.0
AYACUCHO,OCROS,0.0,10.0,1.0,0.0,0.0,13.0,24.0,0.0,4471.0
AYACUCHO,OTOCA,9.0,5.0,0.0,0.0,0.0,20.0,34.0,0.0,1024.0
AYACUCHO,OYOLO,0.0,0.0,0.0,0.0,0.0,4.0,4.0,0.0,720.0
AYACUCHO,PACAPAUSA,0.0,0.0,0.0,0.0,0.0,3.0,3.0,0.0,164.0
AYACUCHO,PACAYCASA,0.0,1.0,0.0,0.0,4.0,0.0,5.0,0.0,1730.0
AYACUCHO,PARAS,0.0,0.0,0.0,0.0,0.0,13.0,13.0,1.0,2568.0
AYACUCHO,PAUSA,0.0,1.0,0.0,0.0,0.0,33.0,34.0,0.0,897.0
AYACUCHO,PULLO,0.0,0.0,0.0,0.0,0.0,4.0,4.0,0.0,1433.0
AYACUCHO,PUQUIO,0.0,17.0,0.0,0.0,0.0,24.0,41.0,0.0,1652.0
AYACUCHO,QUEROBAMBA,0.0,0.0,0.0,0.0,0.0,7.0,7.0,1.0,1055.0
AYACUCHO,QUINUA,0.0,2.0,0.0,0.0,1.0,39.0,42.0,1.0,3677.0
AYACUCHO,SAMUGARI,18.0,3.0,14.0,0.0,13.0,39.0,87.0,1.0,6118.0
AYACUCHO,SAN JOSE DE TICLLAS,2.0,3.0,2.0,1.0,6.0,23.0,37.0,0.0,2588.0
AYACUCHO,SAN JOSE DE USHUA,0.0,0.0,0.0,0.0,1.0,2.0,3.0,0.0,66.0
AYACUCHO,SAN JUAN BAUTISTA,6.0,38.0,10.0,0.0,33.0,255.0,342.0,1.0,13280.0
AYACUCHO,SAN MIGUEL,4.0,24.0,0.0,0.0,58.0,270.0,356.0,160.0,6440.0
AYACUCHO,SAN PEDRO,0.0,0.0,2.0,0.0,0.0,8.0,10.0,2.0,2446.0
AYACUCHO,SAN SALVADOR DE QUIJE,0.0,0.0,0.0,0.0,0.0,4.0,4.0,0.0,648.0
AYACUCHO,SANTA ROSA,0.0,0.0,0.0,0.0,2.0,23.0,25.0,0.0,2681.0
AYACUCHO,SANTIAGO DE LUCANAMARCA,0.0,1.0,0.0,0.0,0.0,2.0,3.0,0.0,2269.0
AYACUCHO,SANTIAGO DE PAUCARAY,0.0,0.0,0.0,0.0,0.0,1.0,1.0,0.0,657.0
AYACUCHO,SANTIAGO DE PISCHA,0.0,17.0,0.0,1.0,0.0,4.0,22.0,0.0,1336.0
AYACUCHO,SANTILLANA,0.0,0.0,0.0,0.0,1.0,1.0,2.0,105.0,3574.0
AYACUCHO,SARHUA,0.0,0.0,0.0,0.0,9.0,9.0,18.0,0.0,2739.0
AYACUCHO,SAURAMA,0.0,2.0,0.0,0.0,6.0,2.0,10.0,10.0,1200.0
AYACUCHO,SIVIA,6.0,3.0,1.0,0.0,33.0,61.0,104.0,0.0,4784.0
AYACUCHO,SOCOS,0.0,2.0,0.0,0.0,19.0,13.0,34.0,6.0,4316.0
AYACUCHO,SORAS,0.0,0.0,0.0,0.0,0.0,6.0,6.0,0.0,413.0
AYACUCHO,TAMBILLO,0.0,1.0,0.0,0.0,0.0,5.0,6.0,0.0,2615.0
AYACUCHO,TAMBO,0.0,1.0,0.0,0.0,4.0,128.0,133.0,0.0,5273.0
AYACUCHO,TOTOS,1.0,0.0,0.0,0.0,0.0,2.0,3.0,0.0,2532.0
AYACUCHO,UCHURACCAY,0.0,0.0,0.0,0.0,0.0,14.0,14.0,3.0,2847.0
AYACUCHO,VILCANCHOS,25.0,27.0,29.0,0.0,1.0,26.0,108.0,37.0,1191.0
AYACUCHO,VILCAS HUAMAN,0.0,21.0,26.0,0.0,6.0,19.0,72.0,0.0,4722.0
AYACUCHO,VINCHOS,0.0,1.0,0.0,0.0,0.0,54.0,55.0,757.0,13571.0
AYACUCHO,VISCHONGO,0.0,3.0,0.0,0.0,6.0,9.0,18.0,18.0,4961.0
CAJAMARCA,BAMBAMARCA,0.0,1.0,0.0,0.0,1.0,1.0,3.0,0.0,1083.0
CAJAMARCA,CAJAMARCA,0.0,1.0,0.0,0.0,0.0,0.0,1.0,0.0,564.0
CAJAMARCA,NIEPOS,0.0,0.0,1.0,0.0,0.0,0.0,1.0,0.0,0.0
CAJAMARCA,SAN LUIS,0.0,0.0,0.0,0.0,0.0,2.0,2.0,0.0,155.0
CALLAO,BELLAVISTA,1.0,1.0,83.0,1.0,104.0,108.0,298.0,0.0,2488.0
CALLAO,CALLAO,55.0,273.0,320.0,30.0,3826.0,4842.0,9346.0,4.0,28445.0
CALLAO,CARMEN DE LA LEGUA REYNOSO,8.0,18.0,16.0,17.0,393.0,218.0,670.0,0.0,2509.0
CALLAO,LA PERLA,0.0,0.0,0.0,0.0,12.0,443.0,455.0,0.0,5007.0
CALLAO,LA PUNTA,0.0,0.0,3.0,0.0,56.0,6.0,65.0,0.0,1258.0
CALLAO,VENTANILLA,3.0,4.0,23.0,1.0,152.0,151.0,334.0,0.0,1893.0
CUSCO,ACOMAYO,0.0,0.0,0.0,0.0,0.0,2.0,2.0,0.0,173.0
CUSCO,ANCAHUASI,0.0,0.0,0.0,0.0,0.0,1.0,1.0,0.0,75.0
CUSCO,ANTA,0.0,3.0,0.0,0.0,3.0,23.0,29.0,0.0,414.0
CUSCO,CALCA,0.0,6.0,0.0,0.0,12.0,51.0,69.0,0.0,797.0
CUSCO,CCATCA,0.0,0.0,0.0,0.0,0.0,3.0,3.0,0.0,99.0
CUSCO,CCORCA,0.0,2.0,0.0,0.0,2.0,0.0,4.0,0.0,708.0
CUSCO,CHALLABAMBA,0.0,0.0,0.0,0.0,0.0,1.0,1.0,0.0,158.0
CUSCO,CHECACUPE,0.0,2.0,0.0,0.0,0.0,8.0,10.0,0.0,348.0
CUSCO,COMBAPATA,2.0,35.0,0.0,0.0,6.0,223.0,266.0,2.0,1746.0
CUSCO,CONDOROMA,0.0,0.0,0.0,0.0,2.0,3.0,5.0,0.0,215.0
CUSCO,COPORAQUE,0.0,0.0,0.0,0.0,0.0,2.0,2.0,0.0,645.0
CUSCO,COYA,0.0,0.0,0.0,1.0,2.0,3.0,6.0,0.0,44.0
CUSCO,CUSCO,3.0,6.0,0.0,0.0,92.0,216.0,317.0,0.0,2346.0
CUSCO,ESPINAR,0.0,0.0,0.0,0.0,28.0,59.0,87.0,0.0,936.0
CUSCO,HUAYLLABAMBA,0.0,0.0,0.0,0.0,2.0,9.0,11.0,0.0,80.0
CUSCO,HUAYOPATA,3.0,0.0,0.0,0.0,5.0,8.0,16.0,0.0,327.0
CUSCO,KIMBIRI,0.0,0.0,1.0,1.0,0.0,2.0,4.0,0.0,2380.0
CUSCO,LAMAY,0.0,4.0,0.0,0.0,0.0,15.0,19.0,0.0,742.0
CUSCO,LANGUI,0.0,1.0,0.0,0.0,2.0,1.0,4.0,0.0,755.0
CUSCO,LAYO,0.0,0.0,0.0,0.0,5.0,0.0,5.0,0.0,339.0
CUSCO,LIMATAMBO,0.0,0.0,0.0,0.0,33.0,38.0,71.0,0.0,718.0
CUSCO,LIVITACA,0.0,0.0,0.0,0.0,6.0,162.0,168.0,0.0,2534.0
CUSCO,LLUSCO,0.0,0.0,0.0,1.0,7.0,8.0,16.0,0.0,526.0
CUSCO,MARANGANI,0.0,0.0,0.0,0.0,10.0,9.0,19.0,4.0,1266.0
CUSCO,MARANURA,1.0,2.0,0.0,0.0,1.0,3.0,7.0,0.0,242.0
CUSCO,MOLLEPATA,0.0,0.0,0.0,0.0,15.0,19.0,34.0,0.0,348.0
CUSCO,MOSOC LLACTA,0.0,0.0,0.0,0.0,0.0,6.0,6.0,0.0,492.0
CUSCO,OCONGATE,0.0,0.0,0.0,0.0,1.0,2.0,3.0,0.0,129.0
CUSCO,OCORURO,0.0,1.0,0.0,0.0,0.0,2.0,3.0,0.0,200.0
CUSCO,OLLANTAYTAMBO,0.0,3.0,0.0,0.0,1.0,1.0,5.0,0.0,544.0
CUSCO,PAMPAMARCA,0.0,0.0,0.0,0.0,1.0,0.0,1.0,0.0,478.0
CUSCO,PICHARI,1.0,1.0,0.0,0.0,6.0,12.0,20.0,1.0,2198.0
CUSCO,PICHIGUA,0.0,1.0,0.0,0.0,6.0,0.0,7.0,0.0,627.0
CUSCO,PISAC,0.0,1.0,0.0,0.0,0.0,0.0,1.0,0.0,209.0
CUSCO,PITUMARCA,0.0,0.0,0.0,0.0,1.0,34.0,35.0,0.0,728.0
CUSCO,POROY,0.0,0.0,0.0,0.0,9.0,7.0,16.0,0.0,353.0
CUSCO,RONDOCAN,0.0,1.0,0.0,0.0,0.0,1.0,2.0,0.0,883.0
CUSCO,SAN JERONIMO,0.0,9.0,0.0,0.0,1.0,1.0,11.0,6.0,41.0
CUSCO,SAN PABLO,0.0,0.0,0.0,0.0,0.0,3.0,3.0,0.0,227.0
CUSCO,SAN PEDRO,0.0,1.0,0.0,0.0,2.0,4.0,7.0,9.0,157.0
CUSCO,SAN SEBASTIAN,0.0,16.0,1.0,0.0,7.0,118.0,142.0,0.0,1064.0
CUSCO,SANTA ANA,24.0,0.0,0.0,0.0,3.0,120.0,147.0,104.0,1894.0
CUSCO,SANTA TERESA,0.0,0.0,0.0,0.0,2.0,3.0,5.0,0.0,194.0
CUSCO,SANTIAGO,0.0,40.0,7.0,0.0,104.0,298.0,449.0,8.0,3263.0
CUSCO,SANTO TOMAS,0.0,6.0,0.0,0.0,5.0,47.0,58.0,0.0,406.0
CUSCO,SICUANI,12.0,96.0,4.0,0.0,385.0,361.0,858.0,85.0,6176.0
CUSCO,TINTA,0.0,1.0,0.0,0.0,2.0,33.0,36.0,0.0,852.0
CUSCO,URUBAMBA,0.0,0.0,0.0,0.0,1.0,5.0,6.0,0.0,989.0
CUSCO,VELILLE,0.0,0.0,0.0,0.0,2.0,7.0,9.0,0.0,235.0
CUSCO,VILCABAMBA,0.0,0.0,0.0,0.0,0.0,2.0,2.0,0.0,975.0
CUSCO,WANCHAQ,0.0,5.0,0.0,0.0,87.0,506.0,598.0,0.0,5547.0
CUSCO,YANAOCA,0.0,2.0,0.0,0.0,10.0,33.0,45.0,3.0,724.0
CUSCO,YANATILE,0.0,1.0,1.0,0.0,3.0,15.0,20.0,0.0,192.0
CUSCO,ZURITE,0.0,1.0,0.0,0.0,0.0,6.0,7.0,0.0,1150.0
HUANCAVELICA,ACOBAMBA,56.0,36.0,12.0,0.0,280.0,198.0,582.0,0.0,4218.0
HUANCAVELICA,ACOBAMBILLA,3.0,0.0,4.0,0.0,18.0,7.0,32.0,3.0,2094.0
HUANCAVELICA,ACORIA,0.0,0.0,4.0,0.0,0.0,12.0,16.0,0.0,13711.0
HUANCAVELICA,ACOSTAMBO,0.0,2.0,0.0,0.0,0.0,6.0,8.0,0.0,1176.0
HUANCAVELICA,ACRAQUIA,2.0,1.0,0.0,0.0,35.0,13.0,51.0,0.0,1297.0
HUANCAVELICA,AHUAYCHA,1.0,1.0,0.0,1.0,7.0,8.0,18.0,0.0,1428.0
HUANCAVELICA,ANCHONGA,0.0,0.0,5.0,0.0,3.0,36.0,44.0,0.0,4620.0
HUANCAVELICA,ANCO,0.0,0.0,2.0,0.0,9.0,10.0,21.0,1.0,2618.0
HUANCAVELICA,ANDABAMBA,0.0,0.0,0.0,0.0,1.0,5.0,6.0,0.0,1879.0
HUANCAVELICA,ANTA,1.0,0.0,10.0,0.0,122.0,35.0,168.0,1.0,3198.0
HUANCAVELICA,ARMA,0.0,22.0,0.0,0.0,9.0,10.0,41.0,0.0,903.0
HUANCAVELICA,ASCENSION,21.0,11.0,1.0,0.0,104.0,200.0,337.0,27.0,3867.0
HUANCAVELICA,AURAHUA,2.0,4.0,0.0,0.0,3.0,12.0,21.0,1.0,576.0
HUANCAVELICA,CAJA,2.0,1.0,0.0,0.0,39.0,20.0,62.0,0.0,982.0
HUANCAVELICA,CAPILLAS,1.0,7.0,0.0,0.0,1.0,1.0,10.0,0.0,916.0
HUANCAVELICA,CASTROVIRREYNA,0.0,18.0,0.0,0.0,6.0,31.0,55.0,0.0,1499.0
HUANCAVELICA,CCOCHACCASA,0.0,0.0,0.0,0.0,1.0,6.0,7.0,0.0,1052.0
HUANCAVELICA,CHINCHIHUASI,0.0,1.0,0.0,0.0,0.0,1.0,2.0,0.0,813.0
HUANCAVELICA,CHINCHO,0.0,0.0,0.0,0.0,8.0,12.0,20.0,0.0,577.0
HUANCAVELICA,CHUPAMARCA,0.0,3.0,0.0,0.0,1.0,20.0,24.0,0.0,592.0
HUANCAVELICA,CHURCAMPA,4.0,14.0,1.0,6.0,134.0,275.0,434.0,0.0,1591.0
HUANCAVELICA,COCAS,0.0,2.0,0.0,0.0,0.0,4.0,6.0,0.0,210.0
HUANCAVELICA,COLCABAMBA,0.0,0.0,0.0,0.0,9.0,16.0,25.0,0.0,6419.0
HUANCAVELICA,CONAYCA,0.0,0.0,0.0,0.0,2.0,1.0,3.0,0.0,539.0
HUANCAVELICA,CONGALLA,0.0,0.0,0.0,0.0,0.0,5.0,5.0,0.0,1374.0
HUANCAVELICA,COSME,0.0,0.0,4.0,0.0,1.0,4.0,9.0,0.0,1226.0
HUANCAVELICA,DANIEL HERNANDEZ,0.0,2.0,0.0,0.0,15.0,52.0,69.0,0.0,3551.0
HUANCAVELICA,EL CARMEN,0.0,0.0,0.0,0.0,2.0,2.0,4.0,0.0,1054.0
HUANCAVELICA,HUACHOCOLPA,1.0,0.0,2.0,0.0,18.0,10.0,31.0,2.0,2564.0
HUANCAVELICA,HUACHOS,1.0,12.0,7.0,0.0,15.0,21.0,56.0,4.0,820.0
HUANCAVELICA,HUAMATAMBO,0.0,0.0,0.0,0.0,0.0,60.0,60.0,0.0,309.0
HUANCAVELICA,HUANCAVELICA,8.0,33.0,6.0,3.0,584.0,151.0,785.0,13.0,14171.0
HUANCAVELICA,HUANDO,1.0,4.0,2.0,0.0,1.0,61.0,69.0,0.0,3184.0
HUANCAVELICA,HUARIBAMBA,0.0,0.0,1.0,0.0,0.0,0.0,1.0,0.0,3322.0
HUANCAVELICA,HUAYTARA,0.0,1.0,0.0,0.0,0.0,1.0,2.0,0.0,76.0
HUANCAVELICA,IZCUCHACA,0.0,0.0,0.0,0.0,3.0,2.0,5.0,0.0,274.0
HUANCAVELICA,JULCAMARCA,0.0,1.0,0.0,0.0,30.0,16.0,47.0,0.0,624.0
HUANCAVELICA,LA MERCED,0.0,0.0,0.0,0.0,4.0,7.0,11.0,0.0,220.0
HUANCAVELICA,LARIA,0.0,0.0,0.0,0.0,0.0,7.0,7.0,0.0,706.0
HUANCAVELICA,LIRCAY,0.0,1.0,1.0,1.0,0.0,32.0,35.0,0.0,6642.0
HUANCAVELICA,LOCROJA,0.0,0.0,0.0,0.0,22.0,20.0,42.0,0.0,1601.0
HUANCAVELICA,MANTA,0.0,0.0,0.0,0.0,1.0,2.0,3.0,2.0,1015.0
HUANCAVELICA,MARCAS,0.0,0.0,0.0,0.0,4.0,5.0,9.0,1.0,939.0
HUANCAVELICA,MOLLEPAMPA,0.0,0.0,0.0,0.0,0.0,1.0,1.0,0.0,454.0
HUANCAVELICA,MOYA,0.0,0.0,0.0,0.0,0.0,6.0,6.0,0.0,813.0
HUANCAVELICA,OCOYO,0.0,0.0,0.0,0.0,0.0,2.0,2.0,0.0,438.0
HUANCAVELICA,PACHAMARCA,0.0,1.0,0.0,0.0,1.0,0.0,2.0,0.0,1013.0
HUANCAVELICA,PALCA,0.0,0.0,1.0,0.0,0.0,0.0,1.0,0.0,1951.0
HUANCAVELICA,PAMPAS,4.0,1.0,0.0,0.0,94.0,66.0,165.0,13.0,4858.0
HUANCAVELICA,PAUCARA,3.0,1.0,1.0,0.0,35.0,83.0,123.0,0.0,5283.0
HUANCAVELICA,PAUCARBAMBA,0.0,1.0,1.0,0.0,9.0,6.0,17.0,0.0,2383.0
HUANCAVELICA,PAZOS,0.0,1.0,0.0,0.0,40.0,57.0,98.0,2.0,3298.0
HUANCAVELICA,PILPICHACA,0.0,0.0,0.0,0.0,0.0,10.0,10.0,0.0,198.0
HUANCAVELICA,POMACOCHA,1.0,3.0,2.0,0.0,34.0,14.0,54.0,0.0,1270.0
HUANCAVELICA,QUERCO,0.0,0.0,0.0,0.0,1.0,1.0,2.0,0.0,143.0
HUANCAVELICA,QUICHUAS,0.0,0.0,0.0,0.0,2.0,18.0,20.0,0.0,2746.0
HUANCAVELICA,ROSARIO,3.0,1.0,0.0,0.0,40.0,20.0,64.0,0.0,3181.0
HUANCAVELICA,SALCABAMBA,2.0,0.0,0.0,0.0,2.0,15.0,19.0,0.0,3269.0
HUANCAVELICA,SALCAHUASI,0.0,16.0,0.0,0.0,0.0,37.0,53.0,0.0,1681.0
HUANCAVELICA,SAN ANTONIO DE ANTAPARCO,0.0,0.0,0.0,0.0,8.0,13.0,21.0,0.0,678.0
HUANCAVELICA,SAN JUAN,0.0,10.0,0.0,0.0,7.0,79.0,96.0,0.0,460.0
HUANCAVELICA,SAN MARCOS DE ROCCHAC,0.0,1.0,1.0,0.0,4.0,3.0,9.0,0.0,1429.0
HUANCAVELICA,SAN MIGUEL DE MAYOCC,1.0,7.0,0.0,0.0,4.0,32.0,44.0,0.0,728.0
HUANCAVELICA,SAN PEDRO DE CORIS,0.0,0.0,0.0,0.0,10.0,39.0,49.0,1.0,1697.0
HUANCAVELICA,SANTA ANA,0.0,1.0,0.0,0.0,0.0,0.0,1.0,0.0,582.0
HUANCAVELICA,SANTIAGO DE CHOCORVOS,0.0,4.0,0.0,0.0,3.0,1.0,8.0,1.0,843.0
HUANCAVELICA,SANTO TOMAS DE PATA,0.0,0.0,0.0,0.0,11.0,6.0,17.0,0.0,781.0
HUANCAVELICA,SECCLLA,0.0,0.0,0.0,0.0,0.0,5.0,5.0,2.0,1199.0
HUANCAVELICA,SURCUBAMBA,0.0,1.0,0.0,0.0,47.0,36.0,84.0,29.0,2739.0
HUANCAVELICA,TANTARA,1.0,16.0,0.0,0.0,7.0,118.0,142.0,0.0,416.0
HUANCAVELICA,TICRAPO,0.0,6.0,0.0,0.0,12.0,24.0,42.0,0.0,599.0
HUANCAVELICA,TINTAY PUNCU,0.0,0.0,1.0,0.0,1.0,8.0,10.0,7.0,2074.0
HUANCAVELICA,VILCA,0.0,0.0,0.0,0.0,1.0,0.0,1.0,0.0,2262.0
HUANCAVELICA,YAULI,5.0,0.0,0.0,0.0,5.0,57.0,67.0,0.0,13744.0
HUANUCO,AMARILIS,7.0,55.0,3.0,6.0,104.0,65.0,240.0,76.0,5324.0
HUANUCO,AMBO,9.0,20.0,7.0,13.0,8.0,60.0,117.0,1.0,6067.0
HUANUCO,APARICIO POMARES,0.0,2.0,0.0,0.0,9.0,3.0,14.0,0.0,3700.0
HUANUCO,ARANCAY,0.0,5.0,0.0,0.0,52.0,4.0,61.0,1.0,1475.0
HUANUCO,BA�OS,3.0,2.0,0.0,0.0,15.0,31.0,51.0,5.0,1171.0
HUANUCO,CANCHABAMBA,0.0,1.0,0.0,0.0,0.0,0.0,1.0,0.0,2452.0
HUANUCO,CAYNA,0.0,5.0,0.0,0.0,0.0,2.0,7.0,0.0,1741.0
HUANUCO,CHAGLLA,2.0,1.0,3.0,0.0,34.0,37.0,77.0,0.0,3718.0
HUANUCO,CHAVIN DE PARIARCA,0.0,18.0,1.0,0.0,23.0,23.0,65.0,0.0,2365.0
HUANUCO,CHAVINILLO,2.0,4.0,0.0,0.0,7.0,30.0,43.0,0.0,3701.0
HUANUCO,CHINCHAO,0.0,0.0,2.0,0.0,7.0,42.0,51.0,88.0,13302.0
HUANUCO,CHOLON,3.0,6.0,5.0,0.0,51.0,57.0,122.0,1.0,9080.0
HUANUCO,CHORAS,0.0,0.0,0.0,0.0,0.0,1.0,1.0,0.0,1387.0
HUANUCO,CHUQUIS,0.0,5.0,0.0,0.0,0.0,7.0,12.0,0.0,2549.0
HUANUCO,CHURUBAMBA,0.0,0.0,0.0,0.0,2.0,10.0,12.0,0.0,8179.0
HUANUCO,COCHABAMBA,0.0,0.0,0.0,0.0,8.0,12.0,20.0,0.0,1522.0
HUANUCO,CODO DEL POZUZO,0.0,3.0,7.0,0.0,4.0,7.0,21.0,0.0,3059.0
HUANUCO,COLPAS,0.0,1.0,0.0,0.0,0.0,0.0,1.0,0.0,861.0
HUANUCO,CONCHAMARCA,0.0,7.0,0.0,1.0,0.0,2.0,10.0,0.0,2441.0
HUANUCO,DANIEL ALOMIA ROBLES,0.0,7.0,0.0,0.0,0.0,14.0,21.0,94.0,4250.0
HUANUCO,HERMILIO VALDIZAN,0.0,3.0,0.0,0.0,0.0,8.0,11.0,0.0,3084.0
HUANUCO,HONORIA,0.0,3.0,0.0,2.0,0.0,5.0,10.0,0.0,3193.0
HUANUCO,HUACAR,0.0,10.0,0.0,1.0,1.0,85.0,97.0,2.0,3225.0
HUANUCO,HUACAYBAMBA,0.0,19.0,1.0,1.0,118.0,80.0,219.0,2.0,3730.0
HUANUCO,HUACRACHUCO,3.0,17.0,0.0,0.0,70.0,69.0,159.0,0.0,9559.0
HUANUCO,HUANUCO,3.0,79.0,21.0,2.0,219.0,98.0,422.0,242.0,14075.0
HUANUCO,JACAS CHICO,0.0,2.0,0.0,3.0,0.0,3.0,8.0,0.0,1279.0
HUANUCO,JACAS GRANDE,1.0,18.0,3.0,0.0,76.0,19.0,117.0,6.0,3753.0
HUANUCO,JESUS,0.0,0.0,0.0,0.0,0.0,33.0,33.0,0.0,2658.0
HUANUCO,JIRCAN,0.0,26.0,0.0,0.0,25.0,19.0,70.0,0.0,863.0
HUANUCO,JOSE CRESPO Y CASTILLO,0.0,5.0,4.0,3.0,122.0,24.0,158.0,38.0,10082.0
HUANUCO,LA UNION,1.0,7.0,3.0,1.0,57.0,47.0,116.0,0.0,1455.0
HUANUCO,LLATA,3.0,67.0,1.0,3.0,61.0,87.0,222.0,0.0,5624.0
HUANUCO,LUYANDO,1.0,25.0,4.0,0.0,47.0,173.0,250.0,39.0,6288.0
HUANUCO,MARGOS,0.0,1.0,0.0,0.0,0.0,4.0,5.0,0.0,3122.0
HUANUCO,MARIANO DAMASO BERAUN,0.0,11.0,0.0,0.0,18.0,162.0,191.0,9.0,5917.0
HUANUCO,MARIAS,0.0,0.0,0.0,0.0,0.0,3.0,3.0,0.0,2478.0
HUANUCO,MIRAFLORES,1.0,69.0,2.0,0.0,25.0,35.0,132.0,0.0,1992.0
HUANUCO,MOLINO,4.0,5.0,0.0,0.0,8.0,66.0,83.0,83.0,4583.0
HUANUCO,MONZON,4.0,11.0,1.0,0.0,16.0,7.0,39.0,19.0,10868.0
HUANUCO,OBAS,0.0,0.0,0.0,0.0,10.0,7.0,17.0,0.0,2561.0
HUANUCO,PACHAS,0.0,0.0,0.0,0.0,4.0,4.0,8.0,18.0,2399.0
HUANUCO,PAMPAMARCA,0.0,0.0,0.0,0.0,0.0,7.0,7.0,0.0,934.0
HUANUCO,PANAO,1.0,4.0,1.0,0.0,1.0,15.0,22.0,0.0,4181.0
HUANUCO,PILLCO MARCA,0.0,16.0,0.0,3.0,15.0,26.0,60.0,15.0,4441.0
HUANUCO,PINRA,1.0,6.0,2.0,0.0,40.0,15.0,64.0,0.0,4273.0
HUANUCO,PUERTO INCA,1.0,0.0,3.0,0.0,32.0,18.0,54.0,0.0,3431.0
HUANUCO,PUNCHAO,7.0,7.0,0.0,0.0,45.0,12.0,71.0,0.0,1438.0
HUANUCO,PU�OS,0.0,3.0,0.0,0.0,10.0,12.0,25.0,0.0,3782.0
HUANUCO,QUISQUI,0.0,14.0,0.0,0.0,0.0,4.0,18.0,8.0,2046.0
HUANUCO,RIPAN,0.0,0.0,0.0,0.0,22.0,27.0,49.0,0.0,1912.0
HUANUCO,RONDOS,0.0,5.0,0.0,0.0,7.0,8.0,20.0,1.0,3341.0
HUANUCO,RUPA-RUPA,7.0,22.0,4.0,2.0,47.0,36.0,118.0,23.0,4334.0
HUANUCO,SAN BUENAVENTURA,0.0,3.0,0.0,0.0,1.0,2.0,6.0,0.0,1720.0
HUANUCO,SAN FRANCISCO,0.0,4.0,0.0,0.0,0.0,6.0,10.0,0.0,1183.0
HUANUCO,SAN FRANCISCO DE ASIS,0.0,0.0,0.0,0.0,1.0,4.0,5.0,0.0,609.0
HUANUCO,SAN FRANCISCO DE CAYRAN,1.0,35.0,0.0,1.0,66.0,37.0,140.0,79.0,1732.0
HUANUCO,SAN PEDRO DE CHAULAN,0.0,19.0,0.0,0.0,0.0,0.0,19.0,0.0,1257.0
HUANUCO,SAN RAFAEL,1.0,6.0,1.0,0.0,38.0,19.0,65.0,13.0,4016.0
HUANUCO,SANTA MARIA DEL VALLE,0.0,9.0,3.0,0.0,12.0,29.0,53.0,0.0,12875.0
HUANUCO,SILLAPATA,0.0,0.0,0.0,0.0,1.0,3.0,4.0,0.0,810.0
HUANUCO,SINGA,7.0,32.0,0.0,0.0,132.0,14.0,185.0,25.0,3531.0
HUANUCO,TANTAMAYO,0.0,11.0,0.0,0.0,61.0,15.0,87.0,4.0,1889.0
HUANUCO,TOURNAVISTA,0.0,0.0,0.0,0.0,3.0,6.0,9.0,0.0,2288.0
HUANUCO,UMARI,0.0,2.0,0.0,0.0,10.0,14.0,26.0,0.0,6222.0
HUANUCO,YACUS,0.0,4.0,0.0,0.0,0.0,17.0,21.0,0.0,3506.0
HUANUCO,YARUMAYO,0.0,4.0,0.0,0.0,3.0,16.0,23.0,0.0,2155.0
HUANUCO,YUYAPICHIS,0.0,0.0,0.0,0.0,4.0,30.0,34.0,0.0,2838.0
ICA,ALTO LARAN,0.0,4.0,0.0,0.0,0.0,2.0,6.0,0.0,780.0
ICA,CHANGUILLO,0.0,14.0,2.0,2.0,36.0,8.0,62.0,0.0,897.0
ICA,CHINCHA ALTA,0.0,82.0,5.0,0.0,688.0,66.0,841.0,0.0,3874.0
ICA,CHINCHA BAJA,0.0,4.0,0.0,0.0,40.0,5.0,49.0,0.0,737.0
ICA,EL CARMEN,2.0,0.0,1.0,0.0,27.0,16.0,46.0,0.0,736.0
ICA,EL INGENIO,0.0,0.0,1.0,0.0,15.0,11.0,27.0,0.0,450.0
ICA,GROCIO PRADO,0.0,0.0,4.0,0.0,5.0,8.0,17.0,0.0,1712.0
ICA,HUMAY,39.0,5.0,1.0,0.0,47.0,170.0,262.0,0.0,1387.0
ICA,ICA,1.0,33.0,26.0,1.0,56.0,179.0,296.0,24.0,9151.0
ICA,INDEPENDENCIA,37.0,31.0,8.0,7.0,29.0,172.0,284.0,4.0,1577.0
ICA,LA TINGUI�A,0.0,26.0,1.0,0.0,15.0,294.0,336.0,0.0,3405.0
ICA,LLIPATA,0.0,0.0,0.0,0.0,2.0,6.0,8.0,3.0,263.0
ICA,LOS AQUIJES,0.0,3.0,0.0,0.0,3.0,51.0,57.0,0.0,2118.0
ICA,MARCONA,0.0,2.0,5.0,2.0,33.0,9.0,51.0,0.0,1808.0
ICA,NAZCA,0.0,12.0,84.0,1.0,197.0,357.0,651.0,0.0,2839.0
ICA,OCUCAJE,0.0,2.0,0.0,0.0,13.0,23.0,38.0,20.0,912.0
ICA,PACHACUTEC,0.0,1.0,0.0,0.0,0.0,1.0,2.0,0.0,679.0
ICA,PALPA,4.0,6.0,2.0,5.0,36.0,27.0,80.0,15.0,2412.0
ICA,PARACAS,16.0,0.0,0.0,0.0,50.0,74.0,140.0,0.0,876.0
ICA,PARCONA,0.0,10.0,7.0,3.0,1.0,26.0,47.0,15.0,6699.0
ICA,PISCO,28.0,15.0,22.0,38.0,72.0,324.0,499.0,1.0,2931.0
ICA,PUEBLO NUEVO,0.0,9.0,3.0,0.0,54.0,56.0,122.0,0.0,8089.0
ICA,RIO GRANDE,0.0,10.0,0.0,0.0,2.0,5.0,17.0,0.0,823.0
ICA,SALAS,0.0,18.0,5.0,0.0,59.0,83.0,165.0,3.0,2988.0
ICA,SAN ANDRES,2.0,15.0,4.0,0.0,26.0,278.0,325.0,2.0,1535.0
ICA,SAN CLEMENTE,73.0,7.0,3.0,0.0,103.0,75.0,261.0,1.0,1324.0
ICA,SAN JOSE DE LOS MOLINOS,0.0,4.0,0.0,2.0,33.0,21.0,60.0,0.0,800.0
ICA,SAN JUAN BAUTISTA,1.0,23.0,3.0,5.0,10.0,67.0,109.0,0.0,1959.0
ICA,SAN PEDRO DE HUACARPANA,0.0,3.0,0.0,0.0,0.0,1.0,4.0,0.0,384.0
ICA,SANTIAGO,0.0,4.0,0.0,0.0,9.0,28.0,41.0,0.0,3078.0
ICA,SUBTANJALLA,0.0,4.0,8.0,0.0,0.0,21.0,33.0,3.0,3675.0
ICA,SUNAMPE,0.0,0.0,1.0,0.0,1.0,3.0,5.0,0.0,1793.0
ICA,TAMBO DE MORA,0.0,0.0,0.0,0.0,18.0,2.0,20.0,0.0,764.0
ICA,TATE,0.0,6.0,0.0,0.0,68.0,65.0,139.0,0.0,1152.0
ICA,TIBILLO,0.0,1.0,0.0,0.0,0.0,0.0,1.0,0.0,47.0
ICA,TUPAC AMARU INCA,10.0,8.0,12.0,0.0,13.0,31.0,74.0,2.0,1769.0
ICA,VISTA ALEGRE,0.0,24.0,2.0,2.0,265.0,281.0,574.0,5.0,2148.0
ICA,YAUCA DEL ROSARIO,0.0,5.0,2.0,0.0,2.0,1.0,10.0,0.0,274.0
JUNIN,ACO,0.0,0.0,0.0,0.0,0.0,9.0,9.0,0.0,697.0
JUNIN,ACOBAMBA,0.0,7.0,0.0,0.0,8.0,17.0,32.0,0.0,2143.0
JUNIN,ACOLLA,3.0,8.0,2.0,0.0,35.0,20.0,68.0,0.0,2322.0
JUNIN,ANDAMARCA,0.0,0.0,0.0,0.0,2.0,9.0,11.0,91.0,2398.0
JUNIN,APATA,0.0,5.0,2.0,0.0,1.0,4.0,12.0,0.0,656.0
JUNIN,CANCHAYLLO,1.0,3.0,0.0,0.0,5.0,3.0,12.0,0.0,388.0
JUNIN,CARHUAMAYO,0.0,14.0,0.0,0.0,1.0,4.0,19.0,64.0,1660.0
JUNIN,CHACAPALPA,0.0,18.0,0.0,1.0,22.0,6.0,47.0,0.0,284.0
JUNIN,CHAMBARA,0.0,2.0,0.0,0.0,8.0,11.0,21.0,1.0,838.0
JUNIN,CHANCHAMAYO,5.0,22.0,6.0,1.0,342.0,120.0,496.0,0.0,4032.0
JUNIN,CHICCHE,0.0,0.0,0.0,0.0,0.0,3.0,3.0,0.0,742.0
JUNIN,CHILCA,1.0,138.0,15.0,0.0,134.0,195.0,483.0,122.0,11041.0
JUNIN,CHONGOS ALTO,0.0,0.0,0.0,0.0,0.0,2.0,2.0,0.0,831.0
JUNIN,CHONGOS BAJO,0.0,1.0,0.0,0.0,0.0,2.0,3.0,0.0,683.0
JUNIN,CHUPACA,0.0,14.0,1.0,0.0,58.0,108.0,181.0,9.0,1056.0
JUNIN,CHUPURO,0.0,3.0,0.0,0.0,0.0,6.0,9.0,0.0,458.0
JUNIN,COCHAS,0.0,1.0,0.0,0.0,0.0,2.0,3.0,0.0,1123.0
JUNIN,COLCA,0.0,3.0,0.0,0.0,0.0,4.0,7.0,0.0,548.0
JUNIN,COMAS,0.0,2.0,0.0,0.0,0.0,28.0,30.0,6.0,1776.0
JUNIN,CONCEPCION,0.0,36.0,4.0,0.0,32.0,278.0,350.0,53.0,4915.0
JUNIN,COVIRIALI,0.0,1.0,1.0,0.0,15.0,28.0,45.0,9.0,1665.0
JUNIN,CULLHUAS,0.0,0.0,0.0,1.0,2.0,3.0,6.0,0.0,996.0
JUNIN,EL MANTARO,0.0,1.0,0.0,0.0,1.0,5.0,7.0,0.0,406.0
JUNIN,EL TAMBO,0.0,120.0,10.0,2.0,132.0,291.0,555.0,1.0,15387.0
JUNIN,HUACHAC,0.0,1.0,0.0,0.0,12.0,15.0,28.0,1.0,401.0
JUNIN,HUACRAPUQUIO,0.0,0.0,0.0,0.0,0.0,1.0,1.0,0.0,504.0
JUNIN,HUALHUAS,0.0,0.0,0.0,0.0,0.0,1.0,1.0,0.0,408.0
JUNIN,HUAMALI,0.0,1.0,0.0,0.0,0.0,0.0,1.0,0.0,390.0
JUNIN,HUANCAN,1.0,5.0,0.0,0.0,110.0,44.0,160.0,0.0,3018.0
JUNIN,HUANCAYO,9.0,353.0,54.0,2.0,965.0,1792.0,3175.0,167.0,17921.0
JUNIN,HUARICOLCA,0.0,0.0,0.0,0.0,4.0,0.0,4.0,0.0,639.0
JUNIN,HUASAHUASI,0.0,25.0,0.0,0.0,14.0,6.0,45.0,3.0,2688.0
JUNIN,HUASICANCHA,0.0,0.0,0.0,0.0,0.0,2.0,2.0,0.0,951.0
JUNIN,HUAY-HUAY,0.0,15.0,0.0,0.0,1.0,0.0,16.0,0.0,744.0
JUNIN,HUAYUCACHI,0.0,17.0,0.0,0.0,0.0,8.0,25.0,0.0,2141.0
JUNIN,INGENIO,0.0,2.0,0.0,0.0,0.0,0.0,2.0,0.0,598.0
JUNIN,JANJAILLO,0.0,1.0,0.0,0.0,0.0,12.0,13.0,0.0,311.0
JUNIN,JAUJA,1.0,13.0,3.0,1.0,98.0,127.0,243.0,0.0,3087.0
JUNIN,JULCAN,0.0,3.0,0.0,0.0,0.0,1.0,4.0,0.0,328.0
JUNIN,JUNIN,0.0,29.0,4.0,1.0,0.0,5.0,39.0,0.0,2412.0
JUNIN,LA OROYA,2.0,1.0,6.0,0.0,39.0,55.0,103.0,0.0,1755.0
JUNIN,LEONOR ORDO�EZ,0.0,1.0,0.0,0.0,0.0,0.0,1.0,0.0,499.0
JUNIN,LLAYLLA,1.0,0.0,0.0,0.0,13.0,19.0,33.0,0.0,2067.0
JUNIN,LLOCLLAPAMPA,2.0,1.0,0.0,0.0,2.0,0.0,5.0,0.0,332.0
JUNIN,MANZANARES,0.0,0.0,0.0,0.0,0.0,4.0,4.0,0.0,356.0
JUNIN,MARCAPOMACOCHA,0.0,5.0,0.0,0.0,0.0,4.0,9.0,0.0,354.0
JUNIN,MARCO,0.0,7.0,0.0,0.0,0.0,0.0,7.0,0.0,257.0
JUNIN,MASMA,2.0,1.0,0.0,0.0,0.0,0.0,3.0,0.0,914.0
JUNIN,MASMA CHICCHE,0.0,0.0,2.0,0.0,6.0,22.0,30.0,0.0,320.0
JUNIN,MATAHUASI,2.0,4.0,0.0,0.0,10.0,39.0,55.0,35.0,1337.0
JUNIN,MAZAMARI,17.0,3.0,3.0,0.0,132.0,231.0,386.0,9.0,6399.0
JUNIN,MITO,0.0,4.0,0.0,0.0,1.0,3.0,8.0,0.0,446.0
JUNIN,MOLINOS,0.0,1.0,0.0,0.0,3.0,0.0,4.0,0.0,757.0
JUNIN,MONOBAMBA,0.0,2.0,1.0,0.0,36.0,8.0,47.0,0.0,549.0
JUNIN,MOROCOCHA,0.0,3.0,0.0,0.0,7.0,12.0,22.0,0.0,734.0
JUNIN,MUQUI,0.0,0.0,0.0,0.0,6.0,1.0,7.0,0.0,240.0
JUNIN,MUQUIYAUYO,0.0,0.0,0.0,0.0,1.0,0.0,1.0,0.0,566.0
JUNIN,ONDORES,0.0,3.0,0.0,0.0,0.0,3.0,6.0,0.0,575.0
JUNIN,ORCOTUNA,1.0,5.0,0.0,0.0,16.0,23.0,45.0,1.0,1584.0
JUNIN,PACCHA,0.0,8.0,3.0,0.0,4.0,6.0,21.0,0.0,1585.0
JUNIN,PALCA,0.0,0.0,0.0,0.0,4.0,21.0,25.0,0.0,2368.0
JUNIN,PALCAMAYO,5.0,8.0,0.0,0.0,104.0,124.0,241.0,0.0,778.0
JUNIN,PAMPA HERMOSA,0.0,0.0,0.0,0.0,2.0,2.0,4.0,0.0,1580.0
JUNIN,PANCAN,0.0,0.0,0.0,0.0,2.0,2.0,4.0,0.0,332.0
JUNIN,PANGOA,33.0,34.0,5.0,0.0,127.0,323.0,522.0,3.0,12727.0
JUNIN,PARCO,0.0,1.0,0.0,0.0,0.0,1.0,2.0,0.0,355.0
JUNIN,PARIAHUANCA,0.0,2.0,1.0,1.0,11.0,54.0,69.0,64.0,3341.0
JUNIN,PERENE,9.0,37.0,5.0,4.0,175.0,192.0,422.0,0.0,14319.0
JUNIN,PICHANAKI,2.0,22.0,117.0,0.0,87.0,29.0,257.0,0.0,6937.0
JUNIN,PILCOMAYO,0.0,14.0,1.0,0.0,0.0,177.0,192.0,1.0,2972.0
JUNIN,POMACANCHA,2.0,5.0,0.0,0.0,18.0,1.0,26.0,0.0,435.0
JUNIN,PUCARA,0.0,5.0,0.0,0.0,0.0,6.0,11.0,0.0,1749.0
JUNIN,QUICHUAY,0.0,0.0,0.0,0.0,0.0,1.0,1.0,0.0,418.0
JUNIN,QUILCAS,0.0,0.0,0.0,0.0,1.0,0.0,1.0,0.0,655.0
JUNIN,RICRAN,0.0,4.0,3.0,0.0,1.0,1.0,9.0,0.0,393.0
JUNIN,RIO NEGRO,1.0,3.0,4.0,0.0,16.0,55.0,79.0,10.0,3518.0
JUNIN,RIO TAMBO,1.0,37.0,2.0,1.0,51.0,134.0,226.0,20.0,10665.0
JUNIN,SAN AGUSTIN,0.0,3.0,1.0,0.0,0.0,3.0,7.0,0.0,2590.0
JUNIN,SAN JERONIMO DE TUNAN,0.0,5.0,1.0,0.0,6.0,29.0,41.0,1.0,2342.0
JUNIN,SAN JOSE DE QUERO,0.0,0.0,0.0,0.0,10.0,0.0,10.0,0.0,1521.0
JUNIN,SAN JUAN DE ISCOS,0.0,0.0,0.0,0.0,0.0,9.0,9.0,0.0,703.0
JUNIN,SAN JUAN DE JARPA,0.0,2.0,1.0,0.0,52.0,113.0,168.0,30.0,800.0
JUNIN,SAN LORENZO,0.0,0.0,0.0,0.0,1.0,1.0,2.0,0.0,452.0
JUNIN,SAN LUIS DE SHUARO,0.0,6.0,0.0,0.0,35.0,76.0,117.0,2.0,1882.0
JUNIN,SAN PEDRO DE CAJAS,1.0,5.0,0.0,0.0,1.0,89.0,96.0,0.0,1248.0
JUNIN,SAN PEDRO DE CHUNAN,0.0,1.0,0.0,0.0,0.0,0.0,1.0,0.0,278.0
JUNIN,SAN RAMON,14.0,29.0,11.0,0.0,177.0,166.0,397.0,1.0,3105.0
JUNIN,SANTA ROSA DE OCOPA,0.0,1.0,0.0,0.0,5.0,2.0,8.0,0.0,850.0
JUNIN,SANTA ROSA DE SACCO,0.0,8.0,0.0,0.0,5.0,26.0,39.0,0.0,1594.0
JUNIN,SANTO DOMINGO DE ACOBAMBA,0.0,2.0,0.0,0.0,0.0,74.0,76.0,83.0,5292.0
JUNIN,SAPALLANGA,2.0,1.0,2.0,4.0,39.0,208.0,256.0,3.0,6385.0
JUNIN,SATIPO,12.0,101.0,36.0,0.0,514.0,431.0,1094.0,31.0,4285.0
JUNIN,SAUSA,0.0,0.0,0.0,0.0,20.0,0.0,20.0,0.0,485.0
JUNIN,SA�O,0.0,0.0,0.0,0.0,0.0,3.0,3.0,0.0,1256.0
JUNIN,SICAYA,0.0,1.0,0.0,0.0,0.0,69.0,70.0,0.0,1564.0
JUNIN,SINCOS,0.0,8.0,2.0,0.0,21.0,15.0,46.0,0.0,1809.0
JUNIN,SUITUCANCHA,2.0,12.0,0.0,0.0,13.0,31.0,58.0,0.0,382.0
JUNIN,TAPO,0.0,2.0,0.0,0.0,4.0,146.0,152.0,0.0,1893.0
JUNIN,TARMA,18.0,76.0,12.0,0.0,91.0,156.0,353.0,0.0,3129.0
JUNIN,TRES DE DICIEMBRE,0.0,0.0,0.0,0.0,0.0,2.0,2.0,0.0,592.0
JUNIN,TUNAN MARCA,0.0,4.0,0.0,0.0,15.0,0.0,19.0,0.0,294.0
JUNIN,ULCUMAYO,0.0,12.0,0.0,0.0,0.0,4.0,16.0,0.0,2287.0
JUNIN,VIQUES,0.0,1.0,0.0,0.0,0.0,0.0,1.0,0.0,398.0
JUNIN,VITOC,0.0,0.0,0.0,0.0,0.0,2.0,2.0,0.0,558.0
JUNIN,YANACANCHA,0.0,9.0,0.0,0.0,14.0,16.0,39.0,1.0,589.0
JUNIN,YAULI,0.0,9.0,0.0,0.0,5.0,3.0,17.0,0.0,731.0
JUNIN,YAUYOS,0.0,3.0,0.0,0.0,3.0,0.0,6.0,0.0,1311.0
LA LIBERTAD,ASCOPE,0.0,0.0,0.0,0.0,0.0,3.0,3.0,0.0,140.0
LA LIBERTAD,CARABAMBA,0.0,0.0,0.0,0.0,0.0,1.0,1.0,0.0,117.0
LA LIBERTAD,CASA GRANDE,0.0,0.0,0.0,0.0,4.0,0.0,4.0,0.0,362.0
LA LIBERTAD,CHAO,0.0,0.0,0.0,0.0,0.0,3.0,3.0,0.0,263.0
LA LIBERTAD,CHEPEN,0.0,0.0,0.0,0.0,5.0,3.0,8.0,0.0,419.0
LA LIBERTAD,CHICAMA,0.0,0.0,0.0,0.0,0.0,7.0,7.0,0.0,469.0
LA LIBERTAD,CHOCOPE,0.0,0.0,0.0,0.0,0.0,2.0,2.0,0.0,180.0
LA LIBERTAD,HUASO,0.0,0.0,0.0,0.0,0.0,1.0,1.0,0.0,662.0
LA LIBERTAD,LUCMA,0.0,0.0,0.0,0.0,0.0,1.0,1.0,0.0,43.0
LA LIBERTAD,PATAZ,0.0,0.0,0.0,0.0,0.0,2.0,2.0,0.0,60.0
LA LIBERTAD,POROTO,0.0,0.0,0.0,0.0,3.0,6.0,9.0,0.0,1383.0
LA LIBERTAD,PUEBLO NUEVO,0.0,1.0,0.0,0.0,6.0,2.0,9.0,0.0,592.0
LA LIBERTAD,RAZURI,0.0,0.0,0.0,0.0,0.0,2.0,2.0,0.0,41.0
LA LIBERTAD,SINSICAP,0.0,0.0,0.0,0.0,0.0,1.0,1.0,0.0,282.0
LA LIBERTAD,UCUNCHA,0.0,1.0,0.0,0.0,0.0,10.0,11.0,0.0,310.0
LAMBAYEQUE,CA�ARIS,4.0,62.0,0.0,2.0,98.0,482.0,648.0,0.0,12157.0
LAMBAYEQUE,CHICLAYO,178.0,113.0,21.0,9.0,1061.0,1010.0,2392.0,0.0,35865.0
LAMBAYEQUE,ETEN,1.0,2.0,0.0,0.0,33.0,12.0,48.0,1.0,2562.0
LAMBAYEQUE,FERRE�AFE,16.0,89.0,4.0,0.0,168.0,98.0,375.0,0.0,11241.0
LAMBAYEQUE,ILLIMO,0.0,1.0,0.0,1.0,8.0,3.0,13.0,0.0,922.0
LAMBAYEQUE,INCAHUASI,0.0,28.0,0.0,0.0,93.0,46.0,167.0,0.0,10857.0
LAMBAYEQUE,JAYANCA,3.0,2.0,0.0,0.0,45.0,6.0,56.0,0.0,1378.0
LAMBAYEQUE,JOSE LEONARDO ORTIZ,11.0,38.0,8.0,7.0,267.0,361.0,692.0,0.0,31845.0
LAMBAYEQUE,LA VICTORIA,8.0,34.0,6.0,7.0,178.0,299.0,532.0,0.0,9733.0
LAMBAYEQUE,LAGUNAS,2.0,1.0,0.0,1.0,110.0,106.0,220.0,0.0,1461.0
LAMBAYEQUE,LAMBAYEQUE,45.0,32.0,3.0,6.0,243.0,111.0,440.0,0.0,10783.0
LAMBAYEQUE,MANUEL ANTONIO MESONES MURO,0.0,0.0,0.0,0.0,4.0,4.0,8.0,0.0,4043.0
LAMBAYEQUE,MOCHUMI,4.0,3.0,0.0,0.0,99.0,300.0,406.0,0.0,5751.0
LAMBAYEQUE,MONSEFU,8.0,5.0,0.0,0.0,148.0,136.0,297.0,0.0,4991.0
LAMBAYEQUE,MORROPE,8.0,0.0,0.0,0.0,12.0,18.0,38.0,0.0,4137.0
LAMBAYEQUE,MOTUPE,10.0,1.0,6.0,1.0,10.0,10.0,38.0,0.0,1307.0
LAMBAYEQUE,OLMOS,0.0,9.0,0.0,0.0,9.0,8.0,26.0,0.0,7184.0
LAMBAYEQUE,PACORA,0.0,0.0,0.0,0.0,1.0,2.0,3.0,0.0,1102.0
LAMBAYEQUE,PIMENTEL,2.0,1.0,0.0,0.0,10.0,24.0,37.0,0.0,913.0
LAMBAYEQUE,PITIPO,11.0,33.0,6.0,6.0,135.0,33.0,224.0,0.0,12079.0
LAMBAYEQUE,POMALCA,0.0,0.0,1.0,0.0,0.0,2.0,3.0,0.0,297.0
LAMBAYEQUE,PUEBLO NUEVO,0.0,14.0,4.0,3.0,12.0,27.0,60.0,4.0,8290.0
LAMBAYEQUE,REQUE,0.0,6.0,1.0,1.0,0.0,42.0,50.0,0.0,988.0
LAMBAYEQUE,SALAS,33.0,42.0,11.0,4.0,125.0,222.0,437.0,0.0,8562.0
LAMBAYEQUE,SAN JOSE,0.0,1.0,2.0,2.0,11.0,76.0,92.0,0.0,1176.0
LAMBAYEQUE,SA�A,0.0,0.0,0.0,7.0,2.0,2.0,11.0,0.0,126.0
LAMBAYEQUE,TUCUME,0.0,1.0,0.0,0.0,0.0,0.0,1.0,0.0,1491.0
LIMA,AMBAR,0.0,0.0,0.0,0.0,0.0,2.0,2.0,0.0,178.0
LIMA,ATE,18.0,42.0,32.0,5.0,160.0,552.0,809.0,0.0,8000.0
LIMA,AUCALLAMA,0.0,0.0,0.0,0.0,0.0,3.0,3.0,0.0,759.0
LIMA,BARRANCO,4.0,4.0,4.0,1.0,92.0,107.0,212.0,0.0,886.0
LIMA,BRE�A,0.0,1.0,2.0,0.0,15.0,54.0,72.0,0.0,613.0
LIMA,CAJATAMBO,2.0,30.0,0.0,0.0,6.0,83.0,121.0,0.0,257.0
LIMA,CANTA,1.0,0.0,0.0,0.0,26.0,23.0,50.0,0.0,786.0
LIMA,CHACLACAYO,2.0,7.0,1.0,0.0,43.0,11.0,64.0,0.0,1059.0
LIMA,CHORRILLOS,13.0,35.0,25.0,29.0,501.0,826.0,1429.0,0.0,7551.0
LIMA,CIENEGUILLA,0.0,0.0,0.0,0.0,0.0,3.0,3.0,0.0,499.0
LIMA,COPA,0.0,0.0,0.0,0.0,0.0,6.0,6.0,0.0,60.0
LIMA,EL AGUSTINO,197.0,14.0,10.0,2.0,434.0,131.0,788.0,1.0,5555.0
LIMA,JESUS MARIA,0.0,0.0,1.0,0.0,0.0,9.0,10.0,0.0,44.0
LIMA,LA MOLINA,0.0,4.0,6.0,1.0,11.0,14.0,36.0,0.0,1211.0
LIMA,LA VICTORIA,0.0,4.0,14.0,0.0,48.0,30.0,96.0,0.0,825.0
LIMA,LIMA,0.0,28.0,33.0,3.0,23.0,142.0,229.0,1.0,3589.0
LIMA,LINCE,0.0,1.0,1.0,0.0,5.0,13.0,20.0,0.0,417.0
LIMA,LOS OLIVOS,6.0,43.0,8.0,1.0,230.0,333.0,621.0,0.0,2040.0
LIMA,LURIGANCHO (CHOSICA),1.0,22.0,15.0,4.0,38.0,25.0,105.0,54.0,5320.0
LIMA,LURIN,0.0,10.0,4.0,1.0,0.0,17.0,32.0,0.0,1212.0
LIMA,MAGDALENA DEL MAR,0.0,1.0,2.0,1.0,8.0,9.0,21.0,0.0,700.0
LIMA,MAGDALENA VIEJA (PUEBLO LIBRE),0.0,6.0,8.0,4.0,62.0,318.0,398.0,1.0,266.0
LIMA,PACHACAMAC,0.0,26.0,12.0,7.0,65.0,763.0,873.0,1.0,5569.0
LIMA,PUCUSANA,0.0,0.0,1.0,0.0,0.0,4.0,5.0,0.0,472.0
LIMA,PUNTA HERMOSA,0.0,0.0,1.0,0.0,0.0,0.0,1.0,0.0,42.0
LIMA,PUNTA NEGRA,0.0,0.0,0.0,1.0,0.0,1.0,2.0,0.0,53.0
LIMA,RIMAC,4.0,7.0,8.0,0.0,189.0,305.0,513.0,0.0,1700.0
LIMA,SAN BARTOLO,0.0,1.0,2.0,0.0,2.0,6.0,11.0,0.0,141.0
LIMA,SAN BORJA,0.0,1.0,1.0,2.0,7.0,60.0,71.0,0.0,578.0
LIMA,SAN JUAN DE LURIGANCHO,2.0,0.0,1.0,1.0,6.0,15.0,25.0,0.0,1026.0
LIMA,SAN JUAN DE MIRAFLORES,36.0,19.0,29.0,0.0,97.0,477.0,658.0,0.0,1998.0
LIMA,SAN LUIS,0.0,7.0,6.0,1.0,0.0,2.0,16.0,0.0,1644.0
LIMA,SAN MARTIN DE PORRES,2.0,12.0,8.0,2.0,62.0,59.0,145.0,0.0,2087.0
LIMA,SANTA ANITA,6.0,9.0,16.0,2.0,43.0,82.0,158.0,0.0,1977.0
LIMA,SANTA MARIA,0.0,1.0,0.0,0.0,2.0,3.0,6.0,0.0,1006.0
LIMA,SANTIAGO DE SURCO,3.0,5.0,9.0,2.0,76.0,109.0,204.0,0.0,2149.0
LIMA,VILLA EL SALVADOR,2.0,58.0,53.0,5.0,185.0,546.0,849.0,1.0,5401.0
LIMA,VILLA MARIA DEL TRIUNFO,6.0,7.0,35.0,0.0,194.0,390.0,632.0,0.0,1699.0
LIMA,YAUYOS,0.0,3.0,0.0,2.0,5.0,88.0,98.0,0.0,587.0
LORETO,BELEN,0.0,5.0,1.0,6.0,0.0,14.0,26.0,0.0,796.0
LORETO,CONTAMANA,0.0,1.0,0.0,5.0,0.0,1.0,7.0,0.0,92.0
LORETO,IQUITOS,0.0,17.0,1.0,2.0,0.0,10.0,30.0,0.0,1260.0
LORETO,JEBEROS,0.0,4.0,1.0,21.0,1.0,16.0,43.0,0.0,77.0
LORETO,MAZAN,0.0,5.0,0.0,0.0,0.0,1.0,6.0,0.0,108.0
LORETO,NAUTA,0.0,0.0,0.0,1.0,0.0,0.0,1.0,0.0,6.0
LORETO,PUNCHANA,0.0,10.0,137.0,0.0,0.0,2.0,149.0,0.0,745.0
LORETO,SAN JUAN BAUTISTA,0.0,8.0,6.0,4.0,2.0,16.0,36.0,0.0,2055.0
LORETO,TENIENTE CESAR LOPEZ ROJAS,0.0,0.0,1.0,0.0,2.0,3.0,6.0,0.0,325.0
LORETO,YURIMAGUAS,6.0,0.0,0.0,0.0,7.0,6.0,19.0,0.0,221.0
MADRE DE DIOS,FITZCARRALD,0.0,0.0,1.0,0.0,0.0,0.0,1.0,0.0,63.0
MADRE DE DIOS,HUEPETUHE,5.0,1.0,0.0,0.0,0.0,1.0,7.0,0.0,173.0
MADRE DE DIOS,INAMBARI,0.0,0.0,0.0,0.0,0.0,4.0,4.0,0.0,2164.0
MADRE DE DIOS,LABERINTO,0.0,0.0,0.0,0.0,0.0,11.0,11.0,0.0,356.0
MADRE DE DIOS,LAS PIEDRAS,0.0,18.0,12.0,0.0,30.0,2.0,62.0,0.0,1109.0
MADRE DE DIOS,MANU,0.0,0.0,2.0,0.0,13.0,6.0,21.0,0.0,351.0
MADRE DE DIOS,TAHUAMANU,0.0,0.0,1.0,2.0,0.0,0.0,3.0,0.0,12.0
MADRE DE DIOS,TAMBOPATA,4.0,37.0,38.0,5.0,106.0,278.0,468.0,0.0,6666.0
MOQUEGUA,CUCHUMBAYA,0.0,0.0,0.0,0.0,1.0,1.0,2.0,0.0,264.0
MOQUEGUA,EL ALGARROBAL,0.0,0.0,0.0,0.0,5.0,3.0,8.0,0.0,433.0
MOQUEGUA,ICHU�A,0.0,0.0,0.0,0.0,0.0,1.0,1.0,0.0,40.0
MOQUEGUA,ILO,12.0,89.0,10.0,2.0,1198.0,415.0,1726.0,0.0,10728.0
MOQUEGUA,MATALAQUE,0.0,0.0,0.0,0.0,14.0,14.0,28.0,0.0,375.0
MOQUEGUA,MOQUEGUA,5.0,34.0,12.0,0.0,279.0,236.0,566.0,0.0,8886.0
MOQUEGUA,OMATE,0.0,1.0,0.0,0.0,0.0,6.0,7.0,0.0,120.0
MOQUEGUA,PACOCHA,0.0,2.0,1.0,0.0,0.0,2.0,5.0,0.0,423.0
MOQUEGUA,PUQUINA,0.0,2.0,0.0,0.0,3.0,5.0,10.0,0.0,204.0
MOQUEGUA,QUINISTAQUILLAS,0.0,0.0,0.0,0.0,3.0,10.0,13.0,0.0,140.0
MOQUEGUA,SAMEGUA,0.0,1.0,2.0,0.0,47.0,44.0,94.0,0.0,2128.0
MOQUEGUA,TORATA,0.0,3.0,0.0,0.0,38.0,69.0,110.0,0.0,779.0
MOQUEGUA,UBINAS,0.0,10.0,0.0,0.0,42.0,39.0,91.0,0.0,714.0
PASCO,PAUCAR,0.0,0.0,0.0,0.0,0.0,1.0,1.0,1.0,41.0
PASCO,SIMON BOLIVAR,0.0,0.0,0.0,0.0,0.0,4.0,4.0,0.0,324.0
PASCO,TAPUC,0.0,1.0,0.0,0.0,0.0,1.0,2.0,0.0,16.0
PIURA,AYABACA,0.0,54.0,0.0,1.0,10.0,28.0,93.0,0.0,3535.0
PIURA,BELLAVISTA,12.0,55.0,28.0,1.0,22.0,653.0,771.0,0.0,6249.0
PIURA,BERNAL,0.0,0.0,0.0,0.0,176.0,43.0,219.0,0.0,1013.0
PIURA,CANCHAQUE,0.0,10.0,0.0,2.0,13.0,47.0,72.0,0.0,1125.0
PIURA,CATACAOS,2.0,48.0,6.0,4.0,149.0,462.0,671.0,2.0,3875.0
PIURA,CURA MORI,8.0,4.0,0.0,0.0,98.0,103.0,213.0,0.0,477.0
PIURA,EL TALLAN,0.0,0.0,0.0,0.0,0.0,29.0,29.0,0.0,70.0
PIURA,HUANCABAMBA,0.0,0.0,0.0,0.0,3.0,5.0,8.0,0.0,976.0
PIURA,HUARMACA,0.0,4.0,0.0,0.0,42.0,172.0,218.0,0.0,2578.0
PIURA,LA ARENA,2.0,49.0,0.0,0.0,75.0,363.0,489.0,0.0,3698.0
PIURA,LA MATANZA,0.0,0.0,0.0,0.0,0.0,3.0,3.0,0.0,3059.0
PIURA,LA UNION,0.0,29.0,1.0,1.0,22.0,136.0,189.0,0.0,6136.0
PIURA,MARCAVELICA,0.0,1.0,0.0,0.0,0.0,0.0,1.0,0.0,182.0
PIURA,MONTERO,0.0,7.0,0.0,5.0,0.0,0.0,12.0,0.0,1036.0
PIURA,MORROPON,0.0,32.0,6.0,2.0,7.0,19.0,66.0,0.0,439.0
PIURA,PAIMAS,1.0,4.0,0.0,1.0,12.0,14.0,32.0,0.0,2963.0
PIURA,PAITA,2.0,13.0,6.0,0.0,50.0,153.0,224.0,0.0,9901.0
PIURA,PIURA,0.0,2.0,0.0,0.0,0.0,1.0,3.0,0.0,2.0
PIURA,SAN JUAN DE BIGOTE,0.0,5.0,0.0,2.0,18.0,18.0,43.0,0.0,1350.0
PIURA,SECHURA,0.0,42.0,6.0,1.0,100.0,52.0,201.0,0.0,2700.0
PIURA,SULLANA,5.0,9.0,7.0,0.0,79.0,686.0,786.0,0.0,4265.0
PIURA,SUYO,0.0,1.0,0.0,0.0,0.0,0.0,1.0,0.0,1430.0
PIURA,VEINTISEIS DE OCTUB,0.0,0.0,0.0,0.0,0.0,1.0,1.0,0.0,8.0
PUNO,ACORA,0.0,0.0,0.0,0.0,0.0,6.0,6.0,0.0,10.0
PUNO,AJOYANI,0.0,0.0,0.0,0.0,0.0,1.0,1.0,0.0,367.0
PUNO,ALTO INAMBARI,1.0,0.0,0.0,0.0,1.0,0.0,2.0,0.0,70.0
PUNO,ANANEA,0.0,0.0,0.0,0.0,14.0,8.0,22.0,0.0,628.0
PUNO,ANAPIA,0.0,0.0,0.0,0.0,1.0,1.0,2.0,0.0,72.0
PUNO,ARAPA,0.0,0.0,0.0,0.0,33.0,21.0,54.0,0.0,678.0
PUNO,ASILLO,0.0,0.0,0.0,0.0,26.0,4.0,30.0,0.0,1459.0
PUNO,AYAVIRI,0.0,5.0,0.0,0.0,23.0,24.0,52.0,0.0,657.0
PUNO,AZANGARO,0.0,10.0,0.0,0.0,82.0,19.0,111.0,0.0,1486.0
PUNO,CABANA,0.0,0.0,0.0,1.0,1.0,3.0,5.0,0.0,84.0
PUNO,CABANILLA,0.0,0.0,0.0,0.0,5.0,6.0,11.0,0.0,105.0
PUNO,CABANILLAS,0.0,0.0,0.0,0.0,2.0,4.0,6.0,0.0,96.0
PUNO,CHUPA,0.0,1.0,0.0,1.0,21.0,7.0,30.0,0.0,1614.0
PUNO,CONDURIRI,0.0,1.0,0.0,0.0,1.0,5.0,7.0,0.0,72.0
PUNO,CONIMA,0.0,0.0,0.0,0.0,0.0,2.0,2.0,0.0,156.0
PUNO,COPANI,0.0,0.0,0.0,0.0,7.0,0.0,7.0,0.0,196.0
PUNO,CORANI,0.0,1.0,0.0,0.0,2.0,0.0,3.0,0.0,505.0
PUNO,CRUCERO,0.0,3.0,0.0,0.0,8.0,39.0,50.0,0.0,743.0
PUNO,CUPI,0.0,0.0,0.0,0.0,3.0,2.0,5.0,0.0,177.0
PUNO,CUTURAPI,0.0,1.0,0.0,0.0,0.0,0.0,1.0,0.0,68.0
PUNO,DESAGUADERO,0.0,1.0,0.0,1.0,5.0,4.0,11.0,0.0,155.0
PUNO,HUANCANE,0.0,0.0,0.0,0.0,3.0,23.0,26.0,0.0,699.0
PUNO,HUAYRAPATA,0.0,0.0,0.0,0.0,0.0,4.0,4.0,0.0,111.0
PUNO,ILAVE,1.0,14.0,2.0,0.0,85.0,112.0,214.0,0.0,1757.0
PUNO,ITUATA,0.0,0.0,1.0,0.0,0.0,0.0,1.0,0.0,566.0
PUNO,JOSE DOMINGO CHOQUEHUANCA,0.0,0.0,0.0,0.0,11.0,8.0,19.0,0.0,183.0
PUNO,JULI,0.0,0.0,0.0,0.0,1.0,43.0,44.0,0.0,692.0
PUNO,JULIACA,0.0,1.0,0.0,0.0,9.0,6.0,16.0,0.0,1453.0
PUNO,LAMPA,0.0,1.0,0.0,0.0,0.0,23.0,24.0,0.0,545.0
PUNO,LLALLI,0.0,0.0,0.0,0.0,1.0,0.0,1.0,0.0,79.0
PUNO,MACARI,1.0,0.0,0.0,0.0,0.0,1.0,2.0,0.0,774.0
PUNO,MACUSANI,0.0,1.0,0.0,0.0,7.0,22.0,30.0,0.0,573.0
PUNO,MOHO,0.0,0.0,0.0,0.0,0.0,1.0,1.0,0.0,233.0
PUNO,MU�ANI,0.0,2.0,0.0,0.0,10.0,25.0,37.0,0.0,644.0
PUNO,NICASIO,0.0,0.0,0.0,0.0,0.0,1.0,1.0,0.0,89.0
PUNO,NU�OA,0.0,3.0,0.0,0.0,14.0,26.0,43.0,34.0,1042.0
PUNO,OCUVIRI,0.0,0.0,0.0,0.0,4.0,0.0,4.0,0.0,114.0
PUNO,OLLACHEA,1.0,0.0,0.0,0.0,0.0,0.0,1.0,0.0,337.0
PUNO,ORURILLO,1.0,2.0,0.0,1.0,12.0,8.0,24.0,106.0,1447.0
PUNO,PALCA,0.0,6.0,0.0,0.0,0.0,16.0,22.0,0.0,62.0
PUNO,PATAMBUCO,0.0,0.0,0.0,0.0,0.0,1.0,1.0,0.0,469.0
PUNO,PHARA,0.0,0.0,0.0,0.0,0.0,8.0,8.0,0.0,794.0
PUNO,PILCUYO,0.0,0.0,1.0,0.0,2.0,19.0,22.0,0.0,566.0
PUNO,POMATA,0.0,0.0,0.0,0.0,4.0,42.0,46.0,0.0,672.0
PUNO,PUCARA,1.0,0.0,0.0,0.0,0.0,0.0,1.0,0.0,528.0
PUNO,PUNO,0.0,50.0,14.0,0.0,22.0,49.0,135.0,0.0,876.0
PUNO,PUTINA,0.0,0.0,0.0,0.0,2.0,3.0,5.0,0.0,163.0
PUNO,QUILCAPUNCU,0.0,0.0,0.0,0.0,1.0,0.0,1.0,0.0,96.0
PUNO,ROSASPATA,0.0,0.0,0.0,0.0,0.0,8.0,8.0,0.0,362.0
PUNO,SAMAN,0.0,0.0,0.0,0.0,3.0,9.0,12.0,0.0,387.0
PUNO,SAN ANTON,0.0,0.0,0.0,0.0,4.0,5.0,9.0,0.0,435.0
PUNO,SAN GABAN,0.0,0.0,0.0,0.0,0.0,1.0,1.0,0.0,432.0
PUNO,SAN JOSE,0.0,0.0,0.0,0.0,8.0,2.0,10.0,0.0,336.0
PUNO,SAN JUAN DE SALINAS,0.0,0.0,0.0,0.0,48.0,0.0,48.0,3.0,410.0
PUNO,SANDIA,0.0,0.0,0.0,0.0,22.0,25.0,47.0,0.0,446.0
PUNO,SANTA LUCIA,0.0,0.0,0.0,0.0,11.0,1.0,12.0,0.0,73.0
PUNO,SANTA ROSA,0.0,0.0,0.0,0.0,4.0,4.0,8.0,0.0,790.0
PUNO,SANTIAGO DE PUPUJA,0.0,0.0,0.0,0.0,4.0,5.0,9.0,0.0,600.0
PUNO,UMACHIRI,0.0,0.0,0.0,0.0,1.0,2.0,3.0,0.0,259.0
PUNO,UNICACHI,0.0,0.0,0.0,0.0,2.0,0.0,2.0,0.0,67.0
PUNO,YUNGUYO,2.0,28.0,0.0,0.0,53.0,13.0,96.0,0.0,1060.0
PUNO,ZEPITA,0.0,0.0,0.0,0.0,0.0,5.0,5.0,0.0,1044.0
SAN MARTIN,AGUA BLANCA,0.0,0.0,0.0,0.0,0.0,1.0,1.0,0.0,451.0
SAN MARTIN,ALBERTO LEVEAU,0.0,0.0,0.0,0.0,0.0,2.0,2.0,0.0,74.0
SAN MARTIN,ALTO BIAVO,0.0,1.0,0.0,1.0,0.0,1.0,3.0,0.0,3349.0
SAN MARTIN,BAJO BIAVO,0.0,0.0,0.0,0.0,9.0,2.0,11.0,0.0,3696.0
SAN MARTIN,BELLAVISTA,0.0,0.0,2.0,0.0,25.0,112.0,139.0,0.0,2851.0
SAN MARTIN,CACATACHI,0.0,0.0,0.0,0.0,14.0,103.0,117.0,0.0,1082.0
SAN MARTIN,CALZADA,0.0,0.0,0.0,0.0,24.0,10.0,34.0,0.0,3024.0
SAN MARTIN,CAMPANILLA,0.0,10.0,0.0,8.0,17.0,268.0,303.0,0.0,2052.0
SAN MARTIN,CHAZUTA,0.0,12.0,1.0,0.0,38.0,124.0,175.0,1.0,1874.0
SAN MARTIN,CHIPURANA,0.0,4.0,0.0,0.0,4.0,1.0,9.0,0.0,887.0
SAN MARTIN,EL ESLABON,0.0,8.0,0.0,0.0,0.0,0.0,8.0,0.0,1191.0
SAN MARTIN,EL PORVENIR,0.0,0.0,0.0,0.0,0.0,2.0,2.0,0.0,244.0
SAN MARTIN,ELIAS SOPLIN VARGAS,0.0,0.0,3.0,0.0,5.0,6.0,14.0,0.0,856.0
SAN MARTIN,HUICUNGO,0.0,12.0,0.0,1.0,7.0,102.0,122.0,0.0,1676.0
SAN MARTIN,HUIMBAYOC,0.0,14.0,2.0,0.0,131.0,47.0,194.0,0.0,1764.0
SAN MARTIN,JEPELACIO,0.0,0.0,0.0,0.0,3.0,8.0,11.0,0.0,1422.0
SAN MARTIN,JUANJUI,0.0,4.0,1.0,0.0,88.0,37.0,130.0,0.0,10234.0
SAN MARTIN,LA BANDA DE SHILCAYO,0.0,2.0,15.0,1.0,5.0,135.0,158.0,0.0,2700.0
SAN MARTIN,MORALES,0.0,85.0,0.0,4.0,178.0,272.0,539.0,0.0,5088.0
SAN MARTIN,MOYOBAMBA,0.0,1.0,0.0,0.0,3.0,125.0,129.0,0.0,4653.0
SAN MARTIN,NUEVA CAJAMARCA,0.0,3.0,0.0,2.0,2.0,34.0,41.0,0.0,1558.0
SAN MARTIN,NUEVO PROGRESO,0.0,0.0,0.0,0.0,0.0,10.0,10.0,0.0,1326.0
SAN MARTIN,PACHIZA,0.0,13.0,0.0,9.0,2.0,38.0,62.0,0.0,2323.0
SAN MARTIN,PAJARILLO,0.0,11.0,0.0,1.0,0.0,14.0,26.0,0.0,3229.0
SAN MARTIN,PICOTA,2.0,14.0,0.0,0.0,16.0,120.0,152.0,0.0,260.0
SAN MARTIN,PINTO RECODO,0.0,2.0,0.0,0.0,0.0,0.0,2.0,0.0,807.0
SAN MARTIN,PISCOYACU,0.0,3.0,0.0,0.0,2.0,11.0,16.0,0.0,693.0
SAN MARTIN,PUCACACA,0.0,4.0,0.0,0.0,0.0,1.0,5.0,0.0,168.0
SAN MARTIN,RIOJA,2.0,31.0,3.0,0.0,93.0,121.0,250.0,0.0,923.0
SAN MARTIN,SACANCHE,0.0,15.0,0.0,2.0,17.0,52.0,86.0,0.0,919.0
SAN MARTIN,SAN ANTONIO,0.0,1.0,0.0,0.0,0.0,0.0,1.0,0.0,815.0
SAN MARTIN,SAN FERNANDO,0.0,0.0,0.0,0.0,9.0,9.0,18.0,0.0,1234.0
SAN MARTIN,SAN JOSE DE SISA,0.0,1.0,28.0,0.0,14.0,63.0,106.0,0.0,1639.0
SAN MARTIN,SAN MARTIN,0.0,2.0,4.0,0.0,14.0,110.0,130.0,0.0,1248.0
SAN MARTIN,SAN PABLO,0.0,0.0,0.0,0.0,2.0,5.0,7.0,0.0,4686.0
SAN MARTIN,SAN RAFAEL,0.0,1.0,0.0,2.0,0.0,0.0,3.0,0.0,1168.0
SAN MARTIN,SANTA ROSA,0.0,1.0,0.0,0.0,2.0,23.0,26.0,0.0,2643.0
SAN MARTIN,SAUCE,2.0,3.0,0.0,3.0,18.0,75.0,101.0,4.0,1915.0
SAN MARTIN,SHAMBOYACU,0.0,1.0,0.0,0.0,0.0,3.0,4.0,0.0,401.0
SAN MARTIN,SHANAO,0.0,1.0,0.0,0.0,0.0,33.0,34.0,0.0,162.0
SAN MARTIN,SHATOJA,0.0,7.0,0.0,1.0,0.0,171.0,179.0,0.0,482.0
SAN MARTIN,TABALOSOS,0.0,49.0,2.0,5.0,26.0,35.0,117.0,0.0,1373.0
SAN MARTIN,TARAPOTO,0.0,191.0,14.0,1.0,49.0,693.0,948.0,0.0,5198.0
SAN MARTIN,TINGO DE PONASA,0.0,6.0,0.0,1.0,0.0,2.0,9.0,0.0,231.0
SAN MARTIN,TOCACHE,0.0,4.0,5.0,0.0,13.0,24.0,46.0,0.0,1872.0
SAN MARTIN,TRES UNIDOS,0.0,0.0,0.0,0.0,1.0,2.0,3.0,0.0,249.0
SAN MARTIN,YORONGOS,0.0,0.0,0.0,0.0,0.0,1.0,1.0,0.0,344.0
TACNA,ALTO DE LA ALIANZA,0.0,81.0,5.0,0.0,107.0,101.0,294.0,0.0,10022.0
TACNA,CAMILACA,0.0,0.0,0.0,0.0,1.0,0.0,1.0,0.0,661.0
TACNA,CANDARAVE,1.0,0.0,1.0,0.0,9.0,24.0,35.0,0.0,3257.0
TACNA,CIUDAD NUEVA,9.0,16.0,6.0,7.0,62.0,100.0,200.0,0.0,10296.0
TACNA,CORONEL GREGORIO ALBARRACIN LANCHIPA,8.0,26.0,25.0,2.0,105.0,119.0,285.0,0.0,19848.0
TACNA,CURIBAYA,0.0,0.0,0.0,0.0,1.0,5.0,6.0,0.0,336.0
TACNA,ESTIQUE-PAMPA,0.0,0.0,0.0,0.0,1.0,0.0,1.0,0.0,367.0
TACNA,HEROES ALBARRACIN,0.0,5.0,0.0,0.0,0.0,0.0,5.0,0.0,532.0
TACNA,HUANUARA,0.0,0.0,0.0,0.0,0.0,1.0,1.0,0.0,515.0
TACNA,INCLAN,0.0,0.0,0.0,0.0,0.0,3.0,3.0,0.0,1787.0
TACNA,ITE,0.0,0.0,0.0,0.0,1.0,1.0,2.0,0.0,1088.0
TACNA,LOCUMBA,0.0,0.0,0.0,0.0,15.0,10.0,25.0,0.0,1256.0
TACNA,PACHIA,0.0,0.0,0.0,1.0,0.0,0.0,1.0,0.0,799.0
TACNA,PALCA,0.0,0.0,0.0,0.0,1.0,3.0,4.0,0.0,1372.0
TACNA,POCOLLAY,1.0,9.0,1.0,1.0,41.0,29.0,82.0,0.0,2629.0
TACNA,SAMA,0.0,0.0,0.0,0.0,0.0,2.0,2.0,0.0,757.0
TACNA,SUSAPAYA,0.0,6.0,0.0,0.0,7.0,10.0,23.0,0.0,670.0
TACNA,TACNA,0.0,118.0,10.0,2.0,127.0,326.0,583.0,0.0,22226.0
TACNA,TARATA,4.0,12.0,2.0,0.0,52.0,54.0,124.0,0.0,2759.0
TACNA,TARUCACHI,0.0,1.0,0.0,0.0,4.0,3.0,8.0,0.0,414.0
TACNA,TICACO,0.0,0.0,0.0,0.0,2.0,3.0,5.0,0.0,491.0
ANCASH,ACZO,0.0,0.0,0.0,0.0,0.0,0.0,0.0,0.0,99.0
ANCASH,BOLOGNESI,0.0,0.0,0.0,0.0,0.0,0.0,0.0,0.0,370.0
ANCASH,COCHAPETI,0.0,0.0,0.0,0.0,0.0,0.0,0.0,0.0,45.0
ANCASH,CORONGO,0.0,0.0,0.0,0.0,0.0,0.0,0.0,0.0,15.0
ANCASH,CULEBRAS,0.0,0.0,0.0,0.0,0.0,0.0,0.0,0.0,6.0
ANCASH,HUANCHAY,0.0,0.0,0.0,0.0,0.0,0.0,0.0,0.0,10.0
ANCASH,LACABAMBA,0.0,0.0,0.0,0.0,0.0,0.0,0.0,0.0,132.0
ANCASH,LLACLLIN,0.0,0.0,0.0,0.0,0.0,0.0,0.0,0.0,235.0
ANCASH,LLAPO,0.0,0.0,0.0,0.0,0.0,0.0,0.0,0.0,890.0
ANCASH,MACATE,0.0,0.0,0.0,0.0,0.0,0.0,0.0,0.0,91.0
ANCASH,MALVAS,0.0,0.0,0.0,0.0,0.0,0.0,0.0,0.0,4.0
ANCASH,OLLEROS,0.0,0.0,0.0,0.0,0.0,0.0,0.0,0.0,105.0
ANCASH,PAMPAROMAS,0.0,0.0,0.0,0.0,0.0,0.0,0.0,0.0,1368.0
ANCASH,PAMPAS,0.0,0.0,0.0,0.0,0.0,0.0,0.0,0.0,211.0
ANCASH,QUICHES,0.0,0.0,0.0,0.0,0.0,0.0,0.0,0.0,296.0
ANCASH,SHUPLUY,0.0,0.0,0.0,0.0,0.0,0.0,0.0,0.0,183.0
ANCASH,SUCCHA,0.0,0.0,0.0,0.0,0.0,0.0,0.0,0.0,183.0
ANCASH,TAUCA,0.0,0.0,0.0,0.0,0.0,0.0,0.0,0.0,742.0
ANCASH,YURACMARCA,0.0,0.0,0.0,0.0,0.0,0.0,0.0,0.0,76.0
AREQUIPA,CHOCO,0.0,0.0,0.0,0.0,0.0,0.0,0.0,0.0,29.0
AREQUIPA,POCSI,0.0,0.0,0.0,0.0,0.0,0.0,0.0,0.0,115.0
AREQUIPA,PUNTA DE BOMBON,0.0,0.0,0.0,0.0,0.0,0.0,0.0,0.0,572.0
AREQUIPA,YANAQUIHUA,0.0,0.0,0.0,0.0,0.0,0.0,0.0,0.0,771.0
AYACUCHO,ACOS VINCHOS,0.0,0.0,0.0,0.0,0.0,0.0,0.0,0.0,1206.0
AYACUCHO,AUCARA,0.0,0.0,0.0,0.0,0.0,0.0,0.0,0.0,603.0
AYACUCHO,BELEN,0.0,0.0,0.0,0.0,0.0,0.0,0.0,0.0,103.0
AYACUCHO,CANAYRE,0.0,0.0,0.0,0.0,0.0,0.0,0.0,1.0,1425.0
AYACUCHO,CARMEN SALCEDO,0.0,0.0,0.0,0.0,0.0,0.0,0.0,0.0,69.0
AYACUCHO,CHALCOS,0.0,0.0,0.0,0.0,0.0,0.0,0.0,0.0,241.0
AYACUCHO,CHILCAYOC,0.0,0.0,0.0,0.0,0.0,0.0,0.0,0.0,244.0
AYACUCHO,CORCULLA,0.0,0.0,0.0,0.0,0.0,0.0,0.0,0.0,108.0
AYACUCHO,CORONEL CASTA�EDA,0.0,0.0,0.0,0.0,0.0,0.0,0.0,0.0,403.0
AYACUCHO,HUAC-HUAS,0.0,0.0,0.0,0.0,0.0,0.0,0.0,0.0,264.0
AYACUCHO,HUACA�A,0.0,0.0,0.0,0.0,0.0,0.0,0.0,0.0,240.0
AYACUCHO,LAMPA,0.0,0.0,0.0,0.0,0.0,0.0,0.0,0.0,279.0
AYACUCHO,LARAMATE,0.0,0.0,0.0,0.0,0.0,0.0,0.0,0.0,275.0
AYACUCHO,LUIS CARRANZA,0.0,0.0,0.0,0.0,0.0,0.0,0.0,0.0,822.0
AYACUCHO,MARCABAMBA,0.0,0.0,0.0,0.0,0.0,0.0,0.0,0.0,134.0
AYACUCHO,OCA�A,0.0,0.0,0.0,0.0,0.0,0.0,0.0,0.0,528.0
AYACUCHO,PAICO,0.0,0.0,0.0,0.0,0.0,0.0,0.0,0.0,385.0
AYACUCHO,PARARCA,0.0,0.0,0.0,0.0,0.0,0.0,0.0,0.0,69.0
AYACUCHO,PUYUSCA,0.0,0.0,0.0,0.0,0.0,0.0,0.0,0.0,1571.0
AYACUCHO,SACSAMARCA,0.0,0.0,0.0,0.0,0.0,0.0,0.0,0.0,913.0
AYACUCHO,SAISA,0.0,0.0,0.0,0.0,0.0,0.0,0.0,0.0,90.0
AYACUCHO,SAN CRISTOBAL,0.0,0.0,0.0,0.0,0.0,0.0,0.0,0.0,2406.0
AYACUCHO,SAN FRANCISCO DE RAVACAYCO,0.0,0.0,0.0,0.0,0.0,0.0,0.0,0.0,124.0
AYACUCHO,SAN JAVIER DE ALPABAMBA,0.0,0.0,0.0,0.0,0.0,0.0,0.0,0.0,30.0
AYACUCHO,SAN JUAN,0.0,0.0,0.0,0.0,0.0,0.0,0.0,0.0,110.0
AYACUCHO,SAN PEDRO DE LARCAY,0.0,0.0,0.0,0.0,0.0,0.0,0.0,0.0,160.0
AYACUCHO,SAN PEDRO DE PALCO,0.0,0.0,0.0,0.0,0.0,0.0,0.0,0.0,711.0
AYACUCHO,SANCOS,0.0,0.0,0.0,0.0,0.0,0.0,0.0,0.0,1891.0
AYACUCHO,SANTA ANA DE HUAYCAHUACHO,0.0,0.0,0.0,0.0,0.0,0.0,0.0,0.0,128.0
AYACUCHO,SANTA LUCIA,0.0,0.0,0.0,0.0,0.0,0.0,0.0,0.0,572.0
AYACUCHO,SARA SARA,0.0,0.0,0.0,0.0,0.0,0.0,0.0,0.0,113.0
AYACUCHO,UPAHUACHO,0.0,0.0,0.0,0.0,0.0,0.0,0.0,0.0,850.0
CAJAMARCA,LOS BA�OS DEL INCA,0.0,0.0,0.0,0.0,0.0,0.0,0.0,0.0,112.0
CAJAMARCA,NAMORA,0.0,0.0,0.0,0.0,0.0,0.0,0.0,0.0,57.0
CUSCO,ACCHA,0.0,0.0,0.0,0.0,0.0,0.0,0.0,0.0,1.0
CUSCO,ACOS,0.0,0.0,0.0,0.0,0.0,0.0,0.0,0.0,57.0
CUSCO,ALTO PICHIGUA,0.0,0.0,0.0,0.0,0.0,0.0,0.0,0.0,177.0
CUSCO,CACHIMAYO,0.0,0.0,0.0,0.0,0.0,0.0,0.0,0.0,22.0
CUSCO,CCAPI,0.0,0.0,0.0,0.0,0.0,0.0,0.0,0.0,14.0
CUSCO,CHAMACA,0.0,0.0,0.0,0.0,0.0,0.0,0.0,0.0,239.0
CUSCO,CHECCA,0.0,0.0,0.0,0.0,0.0,0.0,0.0,0.0,7.0
CUSCO,CHINCHAYPUJIO,0.0,0.0,0.0,0.0,0.0,0.0,0.0,0.0,225.0
CUSCO,CHINCHERO,0.0,0.0,0.0,0.0,0.0,0.0,0.0,0.0,324.0
CUSCO,COLCHA,0.0,0.0,0.0,0.0,0.0,0.0,0.0,0.0,7.0
CUSCO,COLQUEPATA,0.0,0.0,0.0,0.0,0.0,0.0,0.0,0.0,47.0
CUSCO,CUSIPATA,0.0,0.0,0.0,0.0,0.0,0.0,0.0,0.0,38.0
CUSCO,HUAROCONDO,0.0,0.0,0.0,0.0,0.0,0.0,0.0,0.0,74.0
CUSCO,KOS�IPATA,0.0,0.0,0.0,0.0,0.0,0.0,0.0,0.0,1.0
CUSCO,KUNTURKANKI,0.0,0.0,0.0,0.0,0.0,0.0,0.0,0.0,3.0
CUSCO,LARES,0.0,0.0,0.0,0.0,0.0,0.0,0.0,0.0,424.0
CUSCO,MACHUPICCHU,0.0,0.0,0.0,0.0,0.0,0.0,0.0,0.0,390.0
CUSCO,MARAS,0.0,0.0,0.0,0.0,0.0,0.0,0.0,0.0,276.0
CUSCO,PALLPATA,0.0,0.0,0.0,0.0,0.0,0.0,0.0,0.0,383.0
CUSCO,PARURO,0.0,0.0,0.0,0.0,0.0,0.0,0.0,0.0,6.0
CUSCO,PILLPINTO,0.0,0.0,0.0,0.0,0.0,0.0,0.0,0.0,40.0
CUSCO,PUCYURA,0.0,0.0,0.0,0.0,0.0,0.0,0.0,0.0,72.0
CUSCO,QUEHUE,0.0,0.0,0.0,0.0,0.0,0.0,0.0,0.0,354.0
CUSCO,QUELLOUNO,0.0,0.0,0.0,0.0,0.0,0.0,0.0,0.0,230.0
CUSCO,QUIQUIJANA,0.0,0.0,0.0,0.0,0.0,0.0,0.0,0.0,31.0
CUSCO,QUI�OTA,0.0,0.0,0.0,0.0,0.0,0.0,0.0,0.0,21.0
CUSCO,SAN SALVADOR,0.0,0.0,0.0,0.0,0.0,0.0,0.0,0.0,175.0
CUSCO,SANGARARA,0.0,0.0,0.0,0.0,0.0,0.0,0.0,0.0,10.0
CUSCO,SAYLLA,0.0,0.0,0.0,0.0,0.0,0.0,0.0,0.0,66.0
CUSCO,SUYCKUTAMBO,0.0,0.0,0.0,0.0,0.0,0.0,0.0,0.0,321.0
CUSCO,TARAY,0.0,0.0,0.0,0.0,0.0,0.0,0.0,0.0,170.0
CUSCO,TUPAC AMARU,0.0,0.0,0.0,0.0,0.0,0.0,0.0,0.0,546.0
CUSCO,YUCAY,0.0,0.0,0.0,0.0,0.0,0.0,0.0,0.0,40.0
HUANCAVELICA,AYAVI,0.0,0.0,0.0,0.0,0.0,0.0,0.0,0.0,61.0
HUANCAVELICA,CALLANMARCA,0.0,0.0,0.0,0.0,0.0,0.0,0.0,0.0,328.0
HUANCAVELICA,CORDOVA,0.0,0.0,0.0,0.0,0.0,0.0,0.0,0.0,226.0
HUANCAVELICA,CUENCA,0.0,0.0,0.0,0.0,0.0,0.0,0.0,4.0,889.0
HUANCAVELICA,HUANCA-HUANCA,0.0,0.0,0.0,0.0,0.0,0.0,0.0,0.0,583.0
HUANCAVELICA,HUAYACUNDO ARMA,0.0,0.0,0.0,0.0,0.0,0.0,0.0,0.0,7.0
HUANCAVELICA,HUAYLLAHUARA,0.0,0.0,0.0,0.0,0.0,0.0,0.0,0.0,686.0
HUANCAVELICA,HUAYLLAY GRANDE,0.0,0.0,0.0,0.0,0.0,0.0,0.0,0.0,581.0
HUANCAVELICA,LARAMARCA,0.0,0.0,0.0,0.0,0.0,0.0,0.0,0.0,193.0
HUANCAVELICA,MARISCAL CACERES,0.0,0.0,0.0,0.0,0.0,0.0,0.0,0.0,440.0
HUANCAVELICA,NUEVO OCCORO,0.0,0.0,0.0,0.0,0.0,0.0,0.0,0.0,1018.0
HUANCAVELICA,PILCHACA,0.0,0.0,0.0,0.0,0.0,0.0,0.0,0.0,755.0
HUANCAVELICA,QUISHUAR,0.0,0.0,0.0,0.0,0.0,0.0,0.0,0.0,621.0
HUANCAVELICA,QUITO-ARMA,0.0,0.0,0.0,0.0,0.0,0.0,0.0,0.0,69.0
HUANCAVELICA,SAN ANTONIO DE CUSICANCHA,0.0,0.0,0.0,0.0,0.0,0.0,0.0,0.0,185.0
HUANCAVELICA,SAN FRANCISCO DE SANGAYAICO,0.0,0.0,0.0,0.0,0.0,0.0,0.0,2.0,486.0
HUANCAVELICA,SAN ISIDRO,0.0,0.0,0.0,0.0,0.0,0.0,0.0,0.0,98.0
HUANCAVELICA,SANTIAGO DE QUIRAHUARA,0.0,0.0,0.0,0.0,0.0,0.0,0.0,0.0,161.0
HUANCAVELICA,SANTO DOMINGO DE CAPILLAS,0.0,0.0,0.0,0.0,0.0,0.0,0.0,0.0,52.0
HUANCAVELICA,TAMBO,0.0,0.0,0.0,0.0,0.0,0.0,0.0,0.0,41.0
HUANCAVELICA,�AHUIMPUQUIO,0.0,0.0,0.0,0.0,0.0,0.0,0.0,0.0,674.0
HUANUCO,CAHUAC,0.0,0.0,0.0,0.0,0.0,0.0,0.0,0.0,375.0
HUANUCO,CHACABAMBA,0.0,0.0,0.0,0.0,0.0,0.0,0.0,0.0,990.0
HUANUCO,JIVIA,0.0,0.0,0.0,0.0,0.0,0.0,0.0,0.0,226.0
HUANUCO,QUEROPALCA,0.0,0.0,0.0,0.0,0.0,0.0,0.0,0.0,438.0
HUANUCO,QUIVILLA,0.0,0.0,0.0,0.0,0.0,0.0,0.0,0.0,253.0
HUANUCO,SAN MIGUEL DE CAURI,0.0,0.0,0.0,0.0,0.0,0.0,0.0,0.0,2484.0
HUANUCO,SAN PABLO DE PILLAO,0.0,0.0,0.0,0.0,0.0,0.0,0.0,0.0,365.0
HUANUCO,SHUNQUI,0.0,0.0,0.0,0.0,0.0,0.0,0.0,0.0,1271.0
HUANUCO,TOMAY KICHWA,0.0,0.0,0.0,0.0,0.0,0.0,0.0,0.0,902.0
HUANUCO,YANAS,0.0,0.0,0.0,0.0,0.0,0.0,0.0,0.0,1120.0
ICA,CHAVIN,0.0,0.0,0.0,0.0,0.0,0.0,0.0,0.0,230.0
ICA,HUANCANO,0.0,0.0,0.0,0.0,0.0,0.0,0.0,0.0,180.0
ICA,SAN JUAN DE YANAC,0.0,0.0,0.0,0.0,0.0,0.0,0.0,0.0,87.0
ICA,SANTA CRUZ,0.0,0.0,0.0,0.0,0.0,0.0,0.0,0.0,221.0
JUNIN,AHUAC,0.0,0.0,0.0,0.0,0.0,0.0,0.0,0.0,1048.0
JUNIN,ATAURA,0.0,0.0,0.0,0.0,0.0,0.0,0.0,0.0,111.0
JUNIN,CARHUACALLANGA,0.0,0.0,0.0,0.0,0.0,0.0,0.0,0.0,149.0
JUNIN,CHACAPAMPA,0.0,0.0,0.0,0.0,0.0,0.0,0.0,0.0,704.0
JUNIN,CURICACA,0.0,0.0,0.0,0.0,0.0,0.0,0.0,0.0,251.0
JUNIN,HEROINAS TOLEDO,0.0,0.0,0.0,0.0,0.0,0.0,0.0,0.0,719.0
JUNIN,HUAMANCACA CHICO,0.0,0.0,0.0,0.0,0.0,0.0,0.0,0.0,310.0
JUNIN,HUARIPAMPA,0.0,0.0,0.0,0.0,0.0,0.0,0.0,0.0,302.0
JUNIN,HUERTAS,0.0,0.0,0.0,0.0,0.0,0.0,0.0,0.0,541.0
JUNIN,LA UNION,0.0,0.0,0.0,0.0,0.0,0.0,0.0,0.0,526.0
JUNIN,MARISCAL CASTILLA,0.0,0.0,0.0,0.0,0.0,0.0,0.0,0.0,560.0
JUNIN,NUEVE DE JULIO,0.0,0.0,0.0,0.0,0.0,0.0,0.0,0.0,263.0
JUNIN,PACA,0.0,0.0,0.0,0.0,0.0,0.0,0.0,0.0,314.0
JUNIN,SANTA BARBARA DE CARHUACAYAN,0.0,0.0,0.0,0.0,0.0,0.0,0.0,0.0,235.0
LA LIBERTAD,BULDIBUYO,0.0,0.0,0.0,0.0,0.0,0.0,0.0,0.0,22.0
LA LIBERTAD,CHUGAY,0.0,0.0,0.0,0.0,0.0,0.0,0.0,0.0,360.0
LA LIBERTAD,GUADALUPE,0.0,0.0,0.0,0.0,0.0,0.0,0.0,0.0,454.0
LA LIBERTAD,HUAMACHUCO,0.0,0.0,0.0,0.0,0.0,0.0,0.0,0.0,139.0
LA LIBERTAD,JULCAN,0.0,0.0,0.0,0.0,0.0,0.0,0.0,0.0,905.0
LA LIBERTAD,MAGDALENA DE CAO,0.0,0.0,0.0,0.0,0.0,0.0,0.0,0.0,148.0
LA LIBERTAD,MARMOT,0.0,0.0,0.0,0.0,0.0,0.0,0.0,0.0,36.0
LA LIBERTAD,OTUZCO,0.0,0.0,0.0,0.0,0.0,0.0,0.0,0.0,107.0
LA LIBERTAD,PACANGA,0.0,0.0,0.0,0.0,0.0,0.0,0.0,0.0,842.0
LA LIBERTAD,PAIJAN,0.0,0.0,0.0,0.0,0.0,0.0,0.0,0.0,18.0
LA LIBERTAD,QUIRUVILCA,0.0,0.0,0.0,0.0,0.0,0.0,0.0,0.0,289.0
LA LIBERTAD,SANTIAGO DE CAO,0.0,0.0,0.0,0.0,0.0,0.0,0.0,0.0,69.0
LA LIBERTAD,SANTIAGO DE CHUCO,0.0,0.0,0.0,0.0,0.0,0.0,0.0,0.0,344.0
LA LIBERTAD,VIRU,0.0,0.0,0.0,0.0,0.0,0.0,0.0,0.0,1437.0
LAMBAYEQUE,CHOCHOPE,0.0,0.0,0.0,0.0,0.0,0.0,0.0,0.0,102.0
LAMBAYEQUE,ETEN PUERTO,0.0,0.0,0.0,0.0,0.0,0.0,0.0,0.0,101.0
LAMBAYEQUE,PICSI,0.0,0.0,0.0,0.0,0.0,0.0,0.0,0.0,47.0
LAMBAYEQUE,SANTA ROSA,0.0,0.0,0.0,0.0,0.0,0.0,0.0,0.0,776.0
LIMA,QUINCHES,0.0,0.0,0.0,0.0,0.0,0.0,0.0,0.0,194.0
LIMA,QUINOCAY,0.0,0.0,0.0,0.0,0.0,0.0,0.0,0.0,73.0
LIMA,SAN MATEO DE OTAO,0.0,0.0,0.0,0.0,0.0,0.0,0.0,0.0,44.0
LIMA,SURQUILLO,0.0,0.0,0.0,0.0,0.0,0.0,0.0,0.0,1.0
LORETO,ALTO NANAY,0.0,0.0,0.0,0.0,0.0,0.0,0.0,0.0,24.0
LORETO,ALTO TAPICHE,0.0,0.0,0.0,0.0,0.0,0.0,0.0,0.0,8.0
LORETO,BALSAPUERTO,0.0,0.0,0.0,0.0,0.0,0.0,0.0,0.0,151.0
LORETO,INDIANA,0.0,0.0,0.0,0.0,0.0,0.0,0.0,0.0,13.0
LORETO,LAGUNAS,0.0,0.0,0.0,0.0,0.0,0.0,0.0,0.0,110.0
LORETO,LAS AMAZONAS,0.0,0.0,0.0,0.0,0.0,0.0,0.0,0.0,117.0
LORETO,MORONA,0.0,0.0,0.0,0.0,0.0,0.0,0.0,0.0,48.0
LORETO,PAMPA HERMOSA,0.0,0.0,0.0,0.0,0.0,0.0,0.0,0.0,1.0
LORETO,RAMON CASTILLA,0.0,0.0,0.0,0.0,0.0,0.0,0.0,0.0,154.0
LORETO,REQUENA,0.0,0.0,0.0,0.0,0.0,0.0,0.0,0.0,5.0
LORETO,SANTA CRUZ,0.0,0.0,0.0,0.0,0.0,0.0,0.0,0.0,531.0
LORETO,TROMPETEROS,0.0,0.0,0.0,0.0,0.0,0.0,0.0,0.0,436.0
LORETO,VARGAS GUERRA,0.0,0.0,0.0,0.0,0.0,0.0,0.0,0.0,74.0
MADRE DE DIOS,IBERIA,0.0,0.0,0.0,0.0,0.0,0.0,0.0,0.0,101.0
MOQUEGUA,SAN CRISTOBAL,0.0,0.0,0.0,0.0,0.0,0.0,0.0,0.0,144.0
PASCO,CHACAYAN,0.0,0.0,0.0,0.0,0.0,0.0,0.0,0.0,20.0
PASCO,PALCAZU,0.0,0.0,0.0,0.0,0.0,0.0,0.0,0.0,230.0
PASCO,PALLANCHACRA,0.0,0.0,0.0,0.0,0.0,0.0,0.0,0.0,46.0
PASCO,PAUCARTAMBO,0.0,0.0,0.0,0.0,0.0,0.0,0.0,0.0,116.0
PASCO,SAN FRANCISCO DE ASIS DE YARUSYACAN,0.0,0.0,0.0,0.0,0.0,0.0,0.0,0.0,99.0
PASCO,SAN PEDRO DE PILLAO,0.0,0.0,0.0,0.0,0.0,0.0,0.0,0.0,29.0
PASCO,SANTA ANA DE TUSI,0.0,0.0,0.0,0.0,0.0,0.0,0.0,0.0,107.0
PASCO,TICLACAYAN,0.0,0.0,0.0,0.0,0.0,0.0,0.0,0.0,49.0
PASCO,VILCABAMBA,0.0,0.0,0.0,0.0,0.0,0.0,0.0,0.0,44.0
PIURA,AMOTAPE,0.0,0.0,0.0,0.0,0.0,0.0,0.0,0.0,71.0
PIURA,PARI�AS,0.0,0.0,0.0,0.0,0.0,0.0,0.0,0.0,14.0
PIURA,TAMARINDO,0.0,0.0,0.0,0.0,0.0,0.0,0.0,0.0,146.0
PIURA,VICHAYAL,0.0,0.0,0.0,0.0,0.0,0.0,0.0,0.0,1524.0
PUNO,ACHAYA,0.0,0.0,0.0,0.0,0.0,0.0,0.0,0.0,122.0
PUNO,ANTAUTA,0.0,0.0,0.0,0.0,0.0,0.0,0.0,0.0,511.0
PUNO,AYAPATA,0.0,0.0,0.0,0.0,0.0,0.0,0.0,0.0,368.0
PUNO,CAMINACA,0.0,0.0,0.0,0.0,0.0,0.0,0.0,0.0,138.0
PUNO,CAPACHICA,0.0,0.0,0.0,0.0,0.0,0.0,0.0,0.0,165.0
PUNO,CAPAZO,0.0,0.0,0.0,0.0,0.0,0.0,0.0,0.0,59.0
PUNO,CARACOTO,0.0,0.0,0.0,0.0,0.0,0.0,0.0,0.0,121.0
PUNO,COASA,0.0,0.0,0.0,0.0,0.0,0.0,0.0,0.0,443.0
PUNO,COJATA,0.0,0.0,0.0,0.0,0.0,0.0,0.0,0.0,183.0
PUNO,CUYOCUYO,0.0,0.0,0.0,0.0,0.0,0.0,0.0,0.0,86.0
PUNO,HUACULLANI,0.0,0.0,0.0,0.0,0.0,0.0,0.0,0.0,47.0
PUNO,HUATASANI,0.0,0.0,0.0,0.0,0.0,0.0,0.0,0.0,90.0
PUNO,INCHUPALLA,0.0,0.0,0.0,0.0,0.0,0.0,0.0,0.0,36.0
PUNO,LIMBANI,0.0,0.0,0.0,0.0,0.0,0.0,0.0,0.0,485.0
PUNO,OLLARAYA,0.0,0.0,0.0,0.0,0.0,0.0,0.0,0.0,58.0
PUNO,PARATIA,0.0,0.0,0.0,0.0,0.0,0.0,0.0,0.0,5.0
PUNO,PISACOMA,0.0,0.0,0.0,0.0,0.0,0.0,0.0,0.0,53.0
PUNO,POTONI,0.0,0.0,0.0,0.0,0.0,0.0,0.0,0.0,488.0
PUNO,QUIACA,0.0,0.0,0.0,0.0,0.0,0.0,0.0,0.0,206.0
PUNO,SAN PEDRO DE PUTINA PUNCO,0.0,0.0,0.0,0.0,0.0,0.0,0.0,0.0,18.0
PUNO,SINA,0.0,0.0,0.0,0.0,0.0,0.0,0.0,0.0,82.0
PUNO,TARACO,0.0,0.0,0.0,0.0,0.0,0.0,0.0,0.0,136.0
PUNO,TILALI,0.0,0.0,0.0,0.0,0.0,0.0,0.0,0.0,112.0
PUNO,TINICACHI,0.0,0.0,0.0,0.0,0.0,0.0,0.0,0.0,42.0
PUNO,TIRAPATA,0.0,0.0,0.0,0.0,0.0,0.0,0.0,0.0,237.0
PUNO,USICAYOS,0.0,0.0,0.0,0.0,0.0,0.0,0.0,0.0,511.0
PUNO,VILAVILA,0.0,0.0,0.0,0.0,0.0,0.0,0.0,0.0,17.0
PUNO,VILQUE CHICO,0.0,0.0,0.0,0.0,0.0,0.0,0.0,0.0,265.0
SAN MARTIN,AWAJUN,0.0,0.0,0.0,0.0,0.0,0.0,0.0,0.0,388.0
SAN MARTIN,BUENOS AIRES,0.0,0.0,0.0,0.0,0.0,0.0,0.0,0.0,841.0
SAN MARTIN,CASPISAPA,0.0,0.0,0.0,0.0,0.0,0.0,0.0,0.0,8.0
SAN MARTIN,CAYNARACHI,0.0,0.0,0.0,0.0,0.0,0.0,0.0,0.0,4198.0
SAN MARTIN,HUALLAGA,0.0,0.0,0.0,0.0,0.0,0.0,0.0,0.0,646.0
SAN MARTIN,JUAN GUERRA,0.0,0.0,0.0,0.0,0.0,0.0,0.0,0.0,1070.0
SAN MARTIN,PAPAPLAYA,0.0,0.0,0.0,0.0,0.0,0.0,0.0,0.0,660.0
SAN MARTIN,PILLUANA,0.0,0.0,0.0,0.0,0.0,0.0,0.0,0.0,155.0
SAN MARTIN,POLVORA,0.0,0.0,0.0,0.0,0.0,0.0,0.0,0.0,339.0
SAN MARTIN,POSIC,0.0,0.0,0.0,0.0,0.0,0.0,0.0,0.0,82.0
SAN MARTIN,SAN CRISTOBAL,0.0,0.0,0.0,0.0,0.0,0.0,0.0,0.0,12.0
SAN MARTIN,SAN HILARION,0.0,0.0,0.0,0.0,0.0,0.0,0.0,0.0,7.0
SAN MARTIN,SHAPAJA,0.0,0.0,0.0,0.0,0.0,0.0,0.0,0.0,668.0
SAN MARTIN,SHUNTE,0.0,0.0,0.0,0.0,0.0,0.0,0.0,0.0,92.0
SAN MARTIN,TINGO DE SAPOSOA,0.0,0.0,0.0,0.0,0.0,0.0,0.0,0.0,82.0
SAN MARTIN,YANTALO,0.0,0.0,0.0,0.0,0.0,0.0,0.0,0.0,43.0
SAN MARTIN,YURACYACU,0.0,0.0,0.0,0.0,0.0,0.0,0.0,0.0,1298.0
TACNA,CAIRANI,0.0,0.0,0.0,0.0,0.0,0.0,0.0,0.0,1019.0
TACNA,CALANA,0.0,0.0,0.0,0.0,0.0,0.0,0.0,0.0,719.0
TACNA,ESTIQUE,0.0,0.0,0.0,0.0,0.0,0.0,0.0,0.0,126.0
TACNA,ILABAYA,0.0,0.0,0.0,0.0,0.0,0.0,0.0,0.0,1275.0
TACNA,QUILAHUANI,0.0,0.0,0.0,0.0,0.0,0.0,0.0,0.0,1150.0
TACNA,SITAJARA,0.0,0.0,0.0,0.0,0.0,0.0,0.0,0.0,270.0
UCAYALI,IPARIA,0.0,0.0,0.0,0.0,0.0,0.0,0.0,0.0,756.0
UCAYALI,MASISEA,0.0,0.0,0.0,0.0,0.0,0.0,0.0,0.0,8.0
